serial_number,5 year,,,
1,-0.261,-0.264,-0.259,-0.254
2,-0.25,-0.253,-0.248,-0.244
3,-0.23,-0.233,-0.229,-0.225
4,-0.21,-0.213,-0.209,-0.205
5,-0.203,-0.206,-0.202,-0.198
6,-0.207,-0.21,-0.206,-0.202
7,-0.206,-0.209,-0.205,-0.201
8,-0.156,-0.158,-0.155,-0.152
9,-0.121,-0.123,-0.121,-0.119
10,-0.106,-0.108,-0.106,-0.104
11,-0.102,-0.104,-0.102,-0.1
12,-0.07,-0.071,-0.07,-0.069
13,-0.065,-0.066,-0.065,-0.064
14,-0.051,-0.052,-0.051,-0.05
15,-0.04,-0.041,-0.041,-0.041
16,-0.016,-0.017,-0.017,-0.017
17,0.004,0.005,0.005,0.005
18,0.034,0.035,0.035,0.035
19,0.05,0.051,0.05,0.049
20,0.058,0.059,0.058,0.057
21,0.068,0.069,0.068,0.067
22,0.096,0.097,0.096,0.095
23,0.108,0.11,0.108,0.106
24,0.141,0.143,0.141,0.139
25,0.157,0.159,0.156,0.153
26,0.18,0.182,0.179,0.176
27,0.2,0.202,0.198,0.195
28,0.212,0.215,0.211,0.207
29,0.242,0.245,0.241,0.237
30,0.248,0.251,0.246,0.242
31,0.261,0.264,0.259,0.254
32,0.281,0.284,0.279,0.274
33,0.297,0.3,0.294,0.289
34,0.318,0.322,0.316,0.31
35,0.327,0.331,0.325,0.319
36,0.353,0.357,0.35,0.343
37,0.375,0.379,0.372,0.365
38,0.389,0.393,0.386,0.379
39,0.411,0.416,0.408,0.4
40,0.428,0.433,0.425,0.417
41,0.445,0.45,0.441,0.433
42,0.461,0.466,0.457,0.448
43,0.48,0.485,0.476,0.467
44,0.498,0.503,0.493,0.484
45,0.509,0.515,0.505,0.495
46,0.527,0.533,0.523,0.513
47,0.541,0.547,0.537,0.527
48,0.558,0.564,0.553,0.542
49,0.571,0.577,0.566,0.555
50,0.583,0.589,0.578,0.567
51,0.601,0.608,0.596,0.585
52,0.622,0.629,0.617,0.605
53,0.653,0.66,0.647,0.635
54,0.676,0.683,0.67,0.657
55,0.695,0.702,0.688,0.675
56,0.709,0.717,0.703,0.689
57,0.727,0.735,0.721,0.707
58,0.741,0.749,0.735,0.721
59,0.76,0.768,0.753,0.738
60,0.772,0.78,0.765,0.75
61,0.791,0.799,0.784,0.769
62,0.803,0.812,0.796,0.781
63,0.826,0.835,0.819,0.803
64,0.845,0.854,0.837,0.821
65,0.856,0.865,0.848,0.832
66,0.88,0.889,0.872,0.855
67,0.883,0.892,0.875,0.858
68,0.899,0.908,0.89,0.873
69,0.916,0.926,0.908,0.89
70,0.929,0.939,0.921,0.903
71,0.941,0.951,0.932,0.914
72,0.965,0.975,0.956,0.937
73,0.986,0.996,0.977,0.958
74,1,1.01,0.99,0.971
75,1.008,1.019,0.999,0.98
76,1.024,1.035,1.015,0.995
77,1.036,1.047,1.027,1.007
78,1.049,1.06,1.039,1.019
79,1.063,1.074,1.053,1.032
80,1.079,1.09,1.069,1.048
81,1.094,1.105,1.083,1.062
82,1.113,1.125,1.103,1.081
83,1.124,1.136,1.114,1.092
84,1.14,1.152,1.129,1.107
85,1.158,1.17,1.147,1.125
86,1.178,1.19,1.167,1.144
87,1.196,1.208,1.184,1.161
88,1.201,1.214,1.19,1.167
89,1.222,1.235,1.211,1.187
90,1.229,1.242,1.218,1.194
91,1.243,1.256,1.231,1.207
92,1.258,1.271,1.246,1.222
93,1.276,1.289,1.264,1.239
94,1.288,1.301,1.275,1.25
95,1.304,1.318,1.292,1.267
96,1.315,1.329,1.303,1.277
97,1.329,1.343,1.317,1.291
98,1.349,1.363,1.336,1.31
99,1.372,1.386,1.359,1.332
100,1.385,1.399,1.372,1.345
101,1.407,1.422,1.394,1.367
102,1.418,1.433,1.405,1.377
103,1.44,1.455,1.426,1.398
104,1.467,1.482,1.453,1.424
105,1.479,1.494,1.465,1.436
106,1.49,1.505,1.475,1.446
107,1.505,1.521,1.491,1.462
108,1.521,1.537,1.507,1.477
109,1.546,1.562,1.531,1.501
110,1.577,1.593,1.562,1.531
111,1.536,1.552,1.521,1.491
112,1.569,1.585,1.554,1.523
113,1.579,1.595,1.564,1.533
114,1.591,1.607,1.575,1.544
115,1.595,1.611,1.579,1.548
116,1.626,1.643,1.611,1.579
117,1.649,1.666,1.633,1.601
118,1.632,1.649,1.617,1.585
119,1.649,1.666,1.633,1.601
120,1.67,1.687,1.654,1.621
121,1.681,1.698,1.665,1.632
122,1.696,1.713,1.679,1.646
123,1.712,1.73,1.696,1.663
124,1.727,1.745,1.711,1.677
125,1.743,1.761,1.726,1.692
126,1.754,1.772,1.737,1.703
127,1.77,1.788,1.753,1.718
128,1.783,1.801,1.765,1.73
129,1.801,1.82,1.784,1.749
130,1.819,1.838,1.802,1.766
131,1.833,1.852,1.815,1.779
132,1.854,1.873,1.836,1.8
133,1.869,1.888,1.851,1.814
134,1.887,1.906,1.868,1.831
135,1.902,1.922,1.884,1.847
136,1.914,1.934,1.896,1.859
137,1.931,1.951,1.912,1.874
138,1.949,1.969,1.93,1.892
139,1.965,1.985,1.946,1.908
140,1.978,1.998,1.959,1.92
141,1.996,2.016,1.976,1.937
142,2.012,2.033,1.993,1.954
143,2.029,2.05,2.009,1.969
144,2.054,2.075,2.034,1.994
145,2.07,2.091,2.05,2.009
146,2.083,2.104,2.062,2.021
147,2.1,2.121,2.079,2.038
148,2.116,2.138,2.096,2.055
149,2.133,2.155,2.112,2.07
150,2.15,2.172,2.129,2.087
151,2.164,2.186,2.143,2.101
152,2.175,2.197,2.154,2.111
153,2.182,2.204,2.16,2.117
154,2.194,2.216,2.172,2.129
155,2.216,2.239,2.195,2.152
156,2.234,2.257,2.212,2.168
157,2.25,2.273,2.228,2.184
158,2.27,2.293,2.248,2.204
159,2.286,2.309,2.263,2.218
160,2.306,2.33,2.284,2.239
161,2.326,2.35,2.303,2.257
162,2.342,2.366,2.319,2.273
163,2.359,2.383,2.336,2.29
164,2.374,2.398,2.351,2.304
165,2.39,2.414,2.366,2.319
166,2.4,2.424,2.376,2.329
167,2.413,2.438,2.39,2.343
168,2.431,2.456,2.407,2.359
169,2.447,2.472,2.423,2.375
170,2.46,2.485,2.436,2.388
171,2.471,2.496,2.447,2.399
172,2.489,2.514,2.464,2.415
173,2.499,2.524,2.474,2.425
174,2.529,2.555,2.504,2.454
175,2.55,2.576,2.525,2.475
176,2.565,2.591,2.54,2.49
177,2.577,2.603,2.551,2.5
178,2.599,2.625,2.573,2.522
179,2.617,2.644,2.592,2.541
180,2.615,2.642,2.59,2.539
181,2.625,2.652,2.599,2.548
182,2.644,2.671,2.618,2.566
183,2.66,2.687,2.634,2.582
184,2.673,2.7,2.646,2.594
185,2.685,2.712,2.658,2.605
186,2.696,2.723,2.669,2.616
187,2.713,2.741,2.687,2.634
188,2.734,2.762,2.707,2.653
189,2.753,2.781,2.726,2.672
190,2.771,2.799,2.744,2.69
191,2.78,2.808,2.752,2.697
192,2.79,2.818,2.762,2.707
193,2.817,2.846,2.79,2.735
194,2.834,2.863,2.806,2.75
195,2.846,2.875,2.818,2.762
196,2.857,2.886,2.829,2.773
197,2.872,2.901,2.843,2.787
198,2.88,2.909,2.851,2.794
199,2.894,2.923,2.865,2.808
200,2.916,2.946,2.888,2.831
201,2.935,2.965,2.906,2.848
202,2.953,2.983,2.924,2.866
203,2.97,3,2.94,2.882
204,2.994,3.024,2.964,2.905
205,3.008,3.039,2.979,2.92
206,3.022,3.053,2.992,2.933
207,3.037,3.068,3.007,2.947
208,3.053,3.084,3.023,2.963
209,3.069,3.1,3.038,2.978
210,3.082,3.113,3.051,2.99
211,3.097,3.128,3.066,3.005
212,3.104,3.136,3.074,3.013
213,3.145,3.177,3.114,3.052
214,3.146,3.178,3.115,3.053
215,3.163,3.195,3.132,3.07
216,3.175,3.207,3.143,3.081
217,3.197,3.229,3.165,3.102
218,3.218,3.251,3.186,3.123
219,3.238,3.271,3.206,3.142
220,3.257,3.29,3.225,3.161
221,3.276,3.309,3.243,3.179
222,3.29,3.323,3.257,3.192
223,3.302,3.336,3.27,3.205
224,3.322,3.356,3.289,3.224
225,3.343,3.377,3.31,3.244
226,3.364,3.398,3.331,3.265
227,3.382,3.416,3.348,3.282
228,3.404,3.439,3.371,3.304
229,3.418,3.453,3.384,3.317
230,3.433,3.468,3.399,3.332
231,3.457,3.492,3.423,3.355
232,3.476,3.511,3.441,3.373
233,3.497,3.532,3.462,3.393
234,3.502,3.538,3.468,3.399
235,3.53,3.566,3.495,3.426
236,3.538,3.574,3.503,3.433
237,3.547,3.583,3.512,3.442
238,3.566,3.602,3.53,3.46
239,3.577,3.613,3.541,3.471
240,3.587,3.623,3.551,3.48
241,3.608,3.645,3.573,3.502
242,3.625,3.662,3.589,3.518
243,3.644,3.681,3.608,3.536
244,3.662,3.699,3.626,3.554
245,3.671,3.708,3.634,3.562
246,3.687,3.724,3.65,3.577
247,3.7,3.737,3.663,3.59
248,3.715,3.753,3.678,3.605
249,3.739,3.777,3.702,3.628
250,3.737,3.775,3.7,3.626
251,3.747,3.785,3.71,3.636
252,3.762,3.8,3.724,3.65
253,3.772,3.81,3.734,3.66
254,3.792,3.83,3.754,3.679
255,3.807,3.846,3.77,3.695
256,3.815,3.854,3.777,3.702
257,3.826,3.865,3.788,3.713
258,3.846,3.885,3.808,3.732
259,3.867,3.906,3.828,3.752
260,3.88,3.919,3.841,3.765
261,3.882,3.921,3.843,3.767
262,3.898,3.937,3.859,3.782
263,3.917,3.957,3.878,3.801
264,3.931,3.971,3.892,3.815
265,3.946,3.986,3.907,3.829
266,3.963,4.003,3.923,3.845
267,3.984,4.024,3.944,3.866
268,3.996,4.036,3.956,3.877
269,4.017,4.058,3.977,3.898
270,4.034,4.075,3.994,3.915
271,4.054,4.095,4.014,3.934
272,4.063,4.104,4.022,3.942
273,4.069,4.11,4.028,3.948
274,4.087,4.128,4.046,3.966
275,4.093,4.134,4.052,3.971
276,4.114,4.156,4.073,3.992
277,4.128,4.17,4.087,4.006
278,4.135,4.177,4.094,4.013
279,4.142,4.184,4.101,4.019
280,4.165,4.207,4.123,4.041
281,4.185,4.227,4.143,4.061
282,4.203,4.246,4.162,4.079
283,4.227,4.27,4.185,4.102
284,4.246,4.289,4.204,4.12
285,4.268,4.311,4.225,4.141
286,4.287,4.33,4.244,4.16
287,4.294,4.337,4.251,4.166
288,4.296,4.339,4.253,4.168
289,4.303,4.347,4.261,4.176
290,4.326,4.37,4.283,4.198
291,4.347,4.391,4.304,4.218
292,4.39,4.434,4.346,4.26
293,4.408,4.453,4.364,4.277
294,4.423,4.468,4.379,4.292
295,4.444,4.489,4.4,4.312
296,4.461,4.506,4.416,4.328
297,4.479,4.524,4.434,4.346
298,4.5,4.545,4.455,4.366
299,4.515,4.561,4.47,4.381
300,4.531,4.577,4.486,4.397
301,4.549,4.595,4.504,4.414
302,4.559,4.605,4.513,4.423
303,4.578,4.624,4.532,4.442
304,4.592,4.638,4.546,4.456
305,4.603,4.65,4.557,4.466
306,4.618,4.665,4.572,4.481
307,4.634,4.681,4.588,4.497
308,4.648,4.695,4.602,4.51
309,4.658,4.705,4.611,4.519
310,4.675,4.722,4.628,4.536
311,4.683,4.73,4.636,4.544
312,4.704,4.752,4.657,4.564
313,4.743,4.791,4.696,4.603
314,4.764,4.812,4.716,4.622
315,4.767,4.815,4.719,4.625
316,4.792,4.84,4.744,4.65
317,4.785,4.833,4.737,4.643
318,4.782,4.83,4.734,4.64
319,4.793,4.841,4.745,4.651
320,4.809,4.858,4.761,4.666
321,4.834,4.883,4.786,4.691
322,4.848,4.897,4.8,4.704
323,4.861,4.91,4.812,4.716
324,4.865,4.914,4.816,4.72
325,4.897,4.946,4.848,4.752
326,4.899,4.948,4.85,4.753
327,4.915,4.965,4.866,4.769
328,4.91,4.96,4.861,4.764
329,4.916,4.966,4.867,4.77
330,4.946,4.996,4.897,4.8
331,4.962,5.012,4.912,4.814
332,4.979,5.029,4.929,4.831
333,4.99,5.04,4.94,4.842
334,5.004,5.055,4.954,4.855
335,5.026,5.077,4.976,4.877
336,5.047,5.098,4.997,4.898
337,5.057,5.108,5.006,4.906
338,5.079,5.13,5.028,4.928
339,5.097,5.148,5.046,4.946
340,5.127,5.179,5.076,4.975
341,5.157,5.209,5.105,5.003
342,5.176,5.228,5.124,5.022
343,5.19,5.242,5.138,5.036
344,5.209,5.262,5.157,5.054
345,5.236,5.289,5.184,5.081
346,5.25,5.303,5.197,5.094
347,5.271,5.324,5.218,5.114
348,5.292,5.345,5.239,5.135
349,5.311,5.365,5.258,5.153
350,5.328,5.382,5.275,5.17
351,5.354,5.408,5.3,5.194
352,5.371,5.425,5.317,5.211
353,5.383,5.437,5.329,5.223
354,5.398,5.452,5.343,5.237
355,5.418,5.473,5.364,5.257
356,5.436,5.491,5.382,5.275
357,5.449,5.504,5.394,5.287
358,5.465,5.52,5.41,5.302
359,5.48,5.535,5.425,5.317
360,5.502,5.558,5.447,5.339
361,5.51,5.566,5.455,5.346
362,5.523,5.579,5.468,5.359
363,5.54,5.596,5.485,5.376
364,5.562,5.618,5.506,5.396
365,5.578,5.634,5.522,5.412
366,5.593,5.649,5.537,5.427
367,5.616,5.673,5.56,5.449
368,5.629,5.686,5.573,5.462
369,5.653,5.71,5.596,5.485
370,5.675,5.732,5.618,5.506
371,5.694,5.751,5.636,5.524
372,5.704,5.762,5.647,5.535
373,5.721,5.779,5.664,5.551
374,5.721,5.779,5.664,5.551
375,5.724,5.782,5.667,5.554
376,5.739,5.797,5.682,5.569
377,5.76,5.818,5.702,5.588
378,5.757,5.815,5.699,5.586
379,5.768,5.826,5.71,5.596
380,5.781,5.839,5.723,5.609
381,5.809,5.868,5.751,5.636
382,5.825,5.884,5.767,5.652
383,5.844,5.903,5.785,5.67
384,5.859,5.918,5.8,5.684
385,5.871,5.93,5.812,5.696
386,5.884,5.943,5.825,5.709
387,5.9,5.959,5.84,5.724
388,5.915,5.975,5.856,5.739
389,5.937,5.997,5.878,5.761
390,5.952,6.012,5.892,5.775
391,5.961,6.021,5.901,5.783
392,5.974,6.034,5.914,5.796
393,5.999,6.059,5.938,5.82
394,5.993,6.053,5.932,5.814
395,5.999,6.059,5.938,5.82
396,6.016,6.077,5.956,5.837
397,6.029,6.09,5.969,5.85
398,6.042,6.103,5.981,5.862
399,6.058,6.119,5.997,5.878
400,6.068,6.129,6.007,5.887
401,6.087,6.148,6.026,5.906
402,6.101,6.163,6.04,5.92
403,6.125,6.187,6.064,5.943
404,6.141,6.203,6.079,5.958
405,6.152,6.214,6.09,5.969
406,6.171,6.233,6.109,5.987
407,6.184,6.246,6.122,6
408,6.208,6.271,6.146,6.024
409,6.219,6.282,6.157,6.034
410,6.231,6.294,6.169,6.046
411,6.241,6.304,6.178,6.055
412,6.256,6.319,6.193,6.07
413,6.276,6.339,6.213,6.089
414,6.283,6.346,6.22,6.096
415,6.289,6.352,6.225,6.101
416,6.298,6.361,6.234,6.11
417,6.305,6.369,6.242,6.118
418,6.315,6.379,6.252,6.127
419,6.331,6.395,6.268,6.143
420,6.357,6.421,6.293,6.168
421,6.367,6.431,6.303,6.177
422,6.378,6.442,6.314,6.188
423,6.396,6.46,6.331,6.205
424,6.4,6.464,6.335,6.209
425,6.414,6.479,6.35,6.223
426,6.427,6.492,6.363,6.236
427,6.455,6.52,6.39,6.263
428,6.466,6.531,6.401,6.273
429,6.483,6.548,6.418,6.29
430,6.505,6.571,6.44,6.312
431,6.52,6.586,6.455,6.326
432,6.545,6.611,6.479,6.35
433,6.569,6.635,6.503,6.373
434,6.584,6.65,6.517,6.387
435,6.611,6.678,6.545,6.415
436,6.631,6.698,6.565,6.434
437,6.653,6.72,6.586,6.455
438,6.682,6.749,6.615,6.483
439,6.682,6.749,6.615,6.483
440,6.689,6.756,6.621,6.489
441,6.694,6.761,6.626,6.494
442,6.704,6.772,6.637,6.505
443,6.717,6.785,6.65,6.517
444,6.736,6.804,6.668,6.535
445,6.743,6.811,6.675,6.542
446,6.765,6.833,6.697,6.564
447,6.791,6.859,6.722,6.588
448,6.817,6.886,6.749,6.615
449,6.835,6.904,6.766,6.631
450,6.87,6.939,6.801,6.665
451,6.88,6.949,6.811,6.675
452,6.898,6.967,6.828,6.692
453,6.91,6.98,6.841,6.705
454,6.925,6.995,6.856,6.719
455,6.919,6.989,6.85,6.713
456,6.928,6.998,6.859,6.722
457,6.948,7.018,6.878,6.741
458,6.963,7.033,6.893,6.756
459,6.988,7.058,6.917,6.779
460,7.011,7.082,6.941,6.803
461,7.016,7.087,6.946,6.808
462,7.032,7.103,6.961,6.822
463,7.057,7.128,6.986,6.847
464,7.086,7.157,7.014,6.874
465,7.104,7.176,7.033,6.893
466,7.136,7.208,7.064,6.923
467,7.154,7.226,7.082,6.941
468,7.168,7.24,7.096,6.955
469,7.189,7.261,7.116,6.974
470,7.201,7.274,7.129,6.987
471,7.224,7.297,7.152,7.009
472,7.244,7.317,7.171,7.028
473,7.255,7.328,7.182,7.039
474,7.268,7.341,7.195,7.052
475,7.293,7.366,7.219,7.075
476,7.31,7.384,7.237,7.093
477,7.331,7.405,7.257,7.112
478,7.33,7.404,7.256,7.111
479,7.349,7.423,7.275,7.13
480,7.359,7.433,7.285,7.14
481,7.377,7.451,7.302,7.156
482,7.388,7.462,7.313,7.167
483,7.401,7.476,7.327,7.181
484,7.426,7.501,7.351,7.204
485,7.423,7.498,7.349,7.203
486,7.408,7.483,7.334,7.188
487,7.432,7.507,7.357,7.21
488,7.453,7.528,7.378,7.231
489,7.48,7.555,7.404,7.256
490,7.483,7.558,7.407,7.259
491,7.496,7.571,7.42,7.272
492,7.515,7.591,7.44,7.292
493,7.531,7.607,7.455,7.306
494,7.546,7.622,7.47,7.321
495,7.558,7.634,7.482,7.333
496,7.577,7.653,7.5,7.35
497,7.601,7.678,7.525,7.375
498,7.621,7.698,7.545,7.395
499,7.647,7.724,7.57,7.419
500,7.653,7.73,7.576,7.425
501,7.673,7.75,7.595,7.444
502,7.704,7.782,7.627,7.475
503,7.727,7.805,7.649,7.497
504,7.743,7.821,7.665,7.512
505,7.753,7.831,7.675,7.522
506,7.773,7.851,7.694,7.541
507,7.794,7.872,7.715,7.561
508,7.818,7.897,7.74,7.586
509,7.837,7.916,7.758,7.603
510,7.839,7.918,7.76,7.605
511,7.843,7.922,7.764,7.609
512,7.875,7.954,7.795,7.64
513,7.877,7.956,7.797,7.642
514,7.883,7.962,7.803,7.647
515,7.895,7.974,7.815,7.659
516,7.903,7.983,7.824,7.668
517,7.928,8.008,7.848,7.692
518,7.931,8.011,7.851,7.694
519,7.956,8.036,7.876,7.719
520,7.971,8.051,7.89,7.733
521,7.986,8.066,7.905,7.747
522,8,8.08,7.919,7.761
523,8.021,8.102,7.94,7.782
524,8.054,8.135,7.973,7.814
525,8.059,8.14,7.978,7.819
526,8.074,8.155,7.992,7.833
527,8.088,8.169,8.006,7.846
528,8.111,8.193,8.03,7.87
529,8.111,8.193,8.03,7.87
530,8.163,8.245,8.081,7.92
531,8.124,8.206,8.042,7.882
532,8.107,8.189,8.026,7.866
533,8.103,8.185,8.022,7.862
534,8.102,8.184,8.021,7.861
535,8.088,8.169,8.006,7.846
536,8.115,8.197,8.034,7.874
537,8.135,8.217,8.053,7.892
538,8.142,8.224,8.06,7.899
539,8.161,8.243,8.079,7.918
540,8.186,8.268,8.103,7.941
541,8.202,8.285,8.12,7.958
542,8.223,8.306,8.14,7.978
543,8.228,8.311,8.145,7.983
544,8.242,8.325,8.159,7.996
545,8.257,8.34,8.174,8.011
546,8.284,8.367,8.2,8.036
547,8.292,8.375,8.208,8.044
548,8.296,8.379,8.212,8.048
549,8.312,8.396,8.229,8.065
550,8.33,8.414,8.246,8.082
551,8.345,8.429,8.261,8.096
552,8.36,8.444,8.276,8.111
553,8.38,8.464,8.295,8.13
554,8.395,8.479,8.31,8.144
555,8.413,8.498,8.329,8.163
556,8.411,8.496,8.327,8.161
557,8.428,8.513,8.343,8.177
558,8.437,8.522,8.352,8.185
559,8.45,8.535,8.365,8.198
560,8.462,8.547,8.377,8.21
561,8.465,8.55,8.379,8.212
562,8.486,8.571,8.4,8.232
563,8.498,8.583,8.412,8.244
564,8.53,8.616,8.444,8.276
565,8.579,8.665,8.492,8.323
566,8.604,8.691,8.518,8.348
567,8.635,8.722,8.548,8.378
568,8.612,8.699,8.526,8.356
569,8.638,8.725,8.551,8.38
570,8.649,8.736,8.562,8.391
571,8.672,8.759,8.584,8.413
572,8.707,8.795,8.62,8.448
573,8.724,8.812,8.636,8.464
574,8.759,8.847,8.671,8.498
575,8.765,8.853,8.676,8.503
576,8.77,8.858,8.681,8.508
577,8.808,8.897,8.72,8.546
578,8.822,8.911,8.733,8.559
579,8.844,8.933,8.755,8.58
580,8.848,8.937,8.759,8.584
581,8.85,8.939,8.761,8.586
582,8.859,8.948,8.77,8.595
583,8.883,8.972,8.793,8.618
584,8.9,8.989,8.81,8.634
585,8.909,8.999,8.82,8.644
586,8.93,9.02,8.84,8.664
587,8.935,9.025,8.845,8.669
588,8.965,9.055,8.874,8.697
589,8.969,9.059,8.878,8.701
590,8.991,9.081,8.9,8.722
591,9.015,9.106,8.924,8.746
592,9.017,9.108,8.926,8.748
593,9.043,9.134,8.952,8.773
594,9.039,9.13,8.948,8.77
595,9.048,9.139,8.957,8.778
596,9.078,9.169,8.986,8.807
597,9.123,9.215,9.031,8.851
598,9.105,9.197,9.014,8.834
599,9.139,9.231,9.047,8.867
600,9.146,9.238,9.054,8.873
601,9.185,9.277,9.092,8.911
602,9.121,9.213,9.029,8.849
603,9.108,9.2,9.016,8.836
604,9.022,9.113,8.931,8.753
605,9.019,9.11,8.928,8.75
606,9.072,9.163,8.98,8.801
607,9.092,9.183,9,8.82
608,9.118,9.21,9.026,8.846
609,9.136,9.228,9.044,8.864
610,9.147,9.239,9.055,8.874
611,9.17,9.262,9.077,8.896
612,9.186,9.278,9.093,8.912
613,9.174,9.266,9.081,8.9
614,9.18,9.272,9.087,8.906
615,9.193,9.285,9.1,8.918
616,9.211,9.304,9.118,8.936
617,9.22,9.313,9.127,8.945
618,9.245,9.338,9.152,8.969
619,9.269,9.362,9.175,8.992
620,9.3,9.393,9.206,9.022
621,9.312,9.406,9.218,9.034
622,9.325,9.419,9.231,9.047
623,9.374,9.468,9.279,9.094
624,9.384,9.478,9.289,9.104
625,9.41,9.505,9.315,9.129
626,9.446,9.541,9.351,9.164
627,9.458,9.553,9.362,9.175
628,9.526,9.622,9.43,9.242
629,9.539,9.635,9.443,9.255
630,9.554,9.65,9.457,9.268
631,9.563,9.659,9.466,9.277
632,9.576,9.672,9.479,9.29
633,9.553,9.649,9.457,9.268
634,9.569,9.665,9.472,9.283
635,9.602,9.699,9.506,9.316
636,9.624,9.721,9.527,9.337
637,9.644,9.741,9.547,9.357
638,9.683,9.78,9.585,9.394
639,9.714,9.812,9.616,9.424
640,9.717,9.815,9.619,9.427
641,9.733,9.831,9.635,9.443
642,9.76,9.858,9.661,9.468
643,9.778,9.876,9.679,9.486
644,9.786,9.884,9.687,9.494
645,9.803,9.902,9.704,9.51
646,9.823,9.922,9.724,9.53
647,9.837,9.936,9.738,9.544
648,9.856,9.955,9.756,9.561
649,9.882,9.981,9.782,9.587
650,9.892,9.991,9.792,9.597
651,9.913,10.013,9.813,9.617
652,9.926,10.026,9.826,9.63
653,9.966,10.066,9.865,9.668
654,9.957,10.057,9.856,9.659
655,9.965,10.065,9.864,9.667
656,9.979,10.079,9.878,9.681
657,9.994,10.094,9.893,9.696
658,10.009,10.11,9.908,9.71
659,10.03,10.131,9.929,9.731
660,10.047,10.148,9.946,9.748
661,10.061,10.162,9.959,9.76
662,10.072,10.173,9.97,9.771
663,10.095,10.196,9.993,9.794
664,10.132,10.234,10.03,9.83
665,10.148,10.25,10.045,9.845
666,10.133,10.235,10.031,9.831
667,10.163,10.265,10.06,9.859
668,10.142,10.244,10.04,9.84
669,10.172,10.274,10.069,9.868
670,10.181,10.283,10.078,9.877
671,10.202,10.305,10.099,9.898
672,10.227,10.33,10.124,9.922
673,10.244,10.347,10.141,9.939
674,10.272,10.375,10.168,9.965
675,10.29,10.393,10.186,9.983
676,10.296,10.399,10.192,9.989
677,10.32,10.424,10.216,10.012
678,10.337,10.441,10.233,10.029
679,10.368,10.472,10.263,10.058
680,10.38,10.484,10.275,10.07
681,10.398,10.502,10.292,10.087
682,10.402,10.507,10.297,10.092
683,10.43,10.535,10.325,10.119
684,10.46,10.565,10.354,10.147
685,10.439,10.544,10.334,10.128
686,10.459,10.564,10.353,10.146
687,10.469,10.574,10.363,10.156
688,10.486,10.591,10.38,10.173
689,10.511,10.617,10.405,10.197
690,10.521,10.627,10.415,10.207
691,10.549,10.655,10.442,10.234
692,10.565,10.671,10.458,10.249
693,10.618,10.725,10.511,10.301
694,10.645,10.752,10.537,10.327
695,10.691,10.798,10.583,10.372
696,10.678,10.785,10.57,10.359
697,10.713,10.821,10.605,10.393
698,10.718,10.826,10.61,10.398
699,10.731,10.839,10.623,10.411
700,10.679,10.786,10.571,10.36
701,10.725,10.833,10.617,10.405
702,10.755,10.863,10.646,10.434
703,10.782,10.89,10.673,10.46
704,10.768,10.876,10.659,10.446
705,10.769,10.877,10.66,10.447
706,10.781,10.889,10.672,10.459
707,10.804,10.913,10.695,10.482
708,10.832,10.941,10.723,10.509
709,10.854,10.963,10.744,10.53
710,10.895,11.004,10.784,10.569
711,10.906,11.016,10.796,10.581
712,10.931,11.041,10.821,10.605
713,10.965,11.075,10.854,10.637
714,11.009,11.12,10.898,10.681
715,11.008,11.119,10.897,10.68
716,11.05,11.161,10.938,10.72
717,11.046,11.157,10.934,10.716
718,10.994,11.104,10.882,10.665
719,10.979,11.089,10.868,10.651
720,11.064,11.175,10.952,10.733
721,11.073,11.184,10.961,10.742
722,11.121,11.233,11.009,10.789
723,11.148,11.26,11.035,10.815
724,11.198,11.31,11.084,10.863
725,11.207,11.32,11.094,10.873
726,11.267,11.38,11.153,10.93
727,11.359,11.473,11.244,11.02
728,11.373,11.487,11.258,11.033
729,11.393,11.507,11.277,11.052
730,11.412,11.527,11.297,11.072
731,11.432,11.547,11.317,11.091
732,11.449,11.564,11.333,11.107
733,11.459,11.574,11.343,11.117
734,11.474,11.589,11.358,11.131
735,11.483,11.598,11.367,11.14
736,11.504,11.62,11.388,11.161
737,11.523,11.639,11.407,11.179
738,11.53,11.646,11.414,11.186
739,11.552,11.668,11.435,11.207
740,11.57,11.686,11.453,11.224
741,11.591,11.707,11.473,11.244
742,11.61,11.727,11.493,11.264
743,11.628,11.745,11.511,11.281
744,11.645,11.762,11.527,11.297
745,11.664,11.781,11.546,11.316
746,11.679,11.796,11.561,11.33
747,11.695,11.812,11.576,11.345
748,11.716,11.834,11.598,11.367
749,11.732,11.85,11.613,11.381
750,11.745,11.863,11.626,11.394
751,11.761,11.879,11.642,11.41
752,11.773,11.891,11.654,11.421
753,11.802,11.921,11.683,11.45
754,11.82,11.939,11.701,11.467
755,11.831,11.95,11.711,11.477
756,11.851,11.97,11.731,11.497
757,11.873,11.992,11.753,11.518
758,11.883,12.002,11.762,11.527
759,11.898,12.017,11.777,11.542
760,11.919,12.039,11.799,11.564
761,11.944,12.064,11.823,11.587
762,11.959,12.079,11.838,11.602
763,11.967,12.087,11.846,11.61
764,11.985,12.105,11.863,11.626
765,12.002,12.123,11.881,11.644
766,12.019,12.14,11.898,11.661
767,12.034,12.155,11.912,11.674
768,12.048,12.169,11.926,11.688
769,12.067,12.188,11.945,11.707
770,12.092,12.213,11.969,11.73
771,12.1,12.221,11.977,11.738
772,12.108,12.23,11.986,11.747
773,12.124,12.246,12.002,11.762
774,12.142,12.264,12.019,11.779
775,12.162,12.284,12.039,11.799
776,12.178,12.3,12.054,11.813
777,12.194,12.316,12.07,11.829
778,12.215,12.338,12.092,11.851
779,12.225,12.348,12.102,11.86
780,12.256,12.379,12.132,11.89
781,12.264,12.387,12.14,11.898
782,12.278,12.401,12.153,11.91
783,12.294,12.417,12.169,11.926
784,12.308,12.432,12.184,11.941
785,12.318,12.442,12.194,11.951
786,12.331,12.455,12.206,11.962
787,12.346,12.47,12.221,11.977
788,12.37,12.494,12.245,12.001
789,12.394,12.518,12.268,12.023
790,12.402,12.527,12.277,12.032
791,12.423,12.548,12.298,12.053
792,12.445,12.57,12.319,12.073
793,12.459,12.584,12.333,12.087
794,12.481,12.606,12.354,12.107
795,12.492,12.617,12.365,12.118
796,12.508,12.634,12.382,12.135
797,12.516,12.642,12.39,12.143
798,12.538,12.664,12.411,12.163
799,12.555,12.681,12.428,12.18
800,12.573,12.699,12.446,12.198
801,12.584,12.71,12.456,12.207
802,12.592,12.718,12.464,12.215
803,12.603,12.73,12.476,12.227
804,12.624,12.751,12.496,12.247
805,12.645,12.772,12.517,12.267
806,12.67,12.797,12.542,12.292
807,12.681,12.808,12.552,12.301
808,12.702,12.83,12.574,12.323
809,12.706,12.834,12.578,12.327
810,12.726,12.854,12.597,12.346
811,12.744,12.872,12.615,12.363
812,12.779,12.907,12.649,12.397
813,12.797,12.925,12.667,12.414
814,12.814,12.943,12.685,12.432
815,12.818,12.947,12.689,12.436
816,12.826,12.955,12.696,12.443
817,12.844,12.973,12.714,12.46
818,12.868,12.997,12.738,12.484
819,12.881,13.01,12.75,12.495
820,12.902,13.032,12.772,12.517
821,12.918,13.048,12.788,12.533
822,12.948,13.078,12.817,12.561
823,12.958,13.088,12.827,12.571
824,12.968,13.098,12.837,12.581
825,12.989,13.119,12.857,12.6
826,13.008,13.139,12.877,12.62
827,13.028,13.159,12.896,12.639
828,13.036,13.167,12.904,12.646
829,13.052,13.183,12.92,12.662
830,13.057,13.188,12.925,12.667
831,13.073,13.204,12.94,12.682
832,13.089,13.22,12.956,12.697
833,13.111,13.243,12.979,12.72
834,13.127,13.259,12.994,12.735
835,13.152,13.284,13.019,12.759
836,13.163,13.295,13.03,12.77
837,13.181,13.313,13.047,12.787
838,13.187,13.319,13.053,12.792
839,13.219,13.352,13.085,12.824
840,13.238,13.371,13.104,12.842
841,13.259,13.392,13.125,12.863
842,13.279,13.412,13.144,12.882
843,13.28,13.413,13.145,12.883
844,13.291,13.424,13.156,12.893
845,13.32,13.454,13.185,12.922
846,13.336,13.47,13.201,12.937
847,13.355,13.489,13.22,12.956
848,13.366,13.5,13.23,12.966
849,13.383,13.517,13.247,12.983
850,13.403,13.538,13.268,13.003
851,13.418,13.553,13.282,13.017
852,13.435,13.57,13.299,13.034
853,13.448,13.583,13.312,13.046
854,13.469,13.604,13.332,13.066
855,13.489,13.624,13.352,13.085
856,13.513,13.649,13.377,13.11
857,13.537,13.673,13.4,13.132
858,13.554,13.69,13.417,13.149
859,13.561,13.697,13.424,13.156
860,13.567,13.703,13.429,13.161
861,13.588,13.724,13.45,13.181
862,13.593,13.729,13.455,13.186
863,13.627,13.764,13.489,13.22
864,13.644,13.781,13.506,13.236
865,13.673,13.81,13.534,13.264
866,13.704,13.842,13.566,13.295
867,13.696,13.833,13.557,13.286
868,13.701,13.839,13.563,13.292
869,13.707,13.845,13.569,13.298
870,13.74,13.878,13.601,13.329
871,13.756,13.894,13.617,13.345
872,13.768,13.906,13.628,13.356
873,13.789,13.927,13.649,13.377
874,13.784,13.922,13.644,13.372
875,13.794,13.932,13.654,13.381
876,13.816,13.955,13.676,13.403
877,13.85,13.989,13.71,13.436
878,13.876,14.015,13.735,13.461
879,13.897,14.036,13.756,13.481
880,13.914,14.054,13.773,13.498
881,13.949,14.089,13.808,13.532
882,13.943,14.083,13.802,13.526
883,13.927,14.067,13.786,13.511
884,13.965,14.105,13.823,13.547
885,13.977,14.117,13.835,13.559
886,13.998,14.138,13.856,13.579
887,13.993,14.133,13.851,13.574
888,13.996,14.136,13.854,13.577
889,14.009,14.15,13.867,13.59
890,14.021,14.162,13.879,13.602
891,14.039,14.18,13.897,13.62
892,14.054,14.195,13.912,13.634
893,14.087,14.228,13.944,13.666
894,14.105,14.247,13.963,13.684
895,14.115,14.257,13.972,13.693
896,14.128,14.27,13.985,13.706
897,14.136,14.278,13.993,13.714
898,14.147,14.289,14.004,13.724
899,14.161,14.303,14.017,13.737
900,14.183,14.325,14.039,13.759
901,14.229,14.372,14.085,13.804
902,14.256,14.399,14.112,13.83
903,14.272,14.415,14.127,13.845
904,14.251,14.394,14.107,13.825
905,14.28,14.423,14.135,13.853
906,14.314,14.458,14.169,13.886
907,14.287,14.43,14.142,13.86
908,14.283,14.426,14.138,13.856
909,14.282,14.425,14.137,13.855
910,14.299,14.442,14.154,13.871
911,14.302,14.446,14.158,13.875
912,14.337,14.481,14.192,13.909
913,14.348,14.492,14.203,13.919
914,14.371,14.515,14.225,13.941
915,14.387,14.531,14.241,13.957
916,14.4,14.544,14.254,13.969
917,14.426,14.571,14.28,13.995
918,14.438,14.583,14.292,14.007
919,14.454,14.599,14.308,14.022
920,14.482,14.627,14.335,14.049
921,14.5,14.645,14.353,14.066
922,14.526,14.672,14.379,14.092
923,14.543,14.689,14.396,14.109
924,14.554,14.7,14.406,14.118
925,14.562,14.708,14.414,14.126
926,14.585,14.731,14.437,14.149
927,14.599,14.745,14.451,14.162
928,14.631,14.778,14.483,14.194
929,14.667,14.814,14.518,14.228
930,14.668,14.815,14.519,14.229
931,14.685,14.832,14.536,14.246
932,14.67,14.817,14.521,14.231
933,14.683,14.83,14.534,14.244
934,14.689,14.836,14.54,14.25
935,14.7,14.847,14.551,14.26
936,14.715,14.863,14.566,14.275
937,14.73,14.878,14.581,14.29
938,14.766,14.914,14.616,14.324
939,14.812,14.961,14.662,14.369
940,14.831,14.98,14.681,14.388
941,14.845,14.994,14.695,14.402
942,14.842,14.991,14.692,14.399
943,14.88,15.029,14.729,14.435
944,14.921,15.071,14.77,14.475
945,14.91,15.06,14.759,14.464
946,14.897,15.046,14.746,14.452
947,14.918,15.068,14.767,14.472
948,14.934,15.084,14.783,14.488
949,14.951,15.101,14.799,14.504
950,14.948,15.098,14.797,14.502
951,14.962,15.112,14.81,14.514
952,14.989,15.139,14.837,14.541
953,15.004,15.155,14.852,14.555
954,15.039,15.19,14.887,14.59
955,15.059,15.21,14.906,14.608
956,15.081,15.232,14.928,14.63
957,15.102,15.254,14.949,14.651
958,15.13,15.282,14.977,14.678
959,15.136,15.288,14.983,14.684
960,15.178,15.33,15.024,14.724
961,15.183,15.335,15.029,14.729
962,15.185,15.337,15.031,14.731
963,15.204,15.357,15.05,14.749
964,15.202,15.355,15.048,14.748
965,15.205,15.358,15.051,14.75
966,15.239,15.392,15.085,14.784
967,15.252,15.405,15.097,14.796
968,15.258,15.411,15.103,14.801
969,15.234,15.387,15.08,14.779
970,15.241,15.394,15.087,14.786
971,15.264,15.417,15.109,14.807
972,15.281,15.434,15.126,14.824
973,15.277,15.43,15.122,14.82
974,15.265,15.418,15.11,14.808
975,15.288,15.441,15.133,14.831
976,15.348,15.502,15.192,14.889
977,15.321,15.475,15.166,14.863
978,15.319,15.473,15.164,14.861
979,15.334,15.488,15.179,14.876
980,15.36,15.514,15.204,14.9
981,15.378,15.532,15.222,14.918
982,15.388,15.542,15.232,14.928
983,15.407,15.562,15.251,14.946
984,15.43,15.585,15.274,14.969
985,15.45,15.605,15.293,14.988
986,15.47,15.625,15.313,15.007
987,15.478,15.633,15.321,15.015
988,15.507,15.663,15.35,15.043
989,15.525,15.681,15.368,15.061
990,15.542,15.698,15.385,15.078
991,15.565,15.721,15.407,15.099
992,15.576,15.732,15.418,15.11
993,15.596,15.752,15.437,15.129
994,15.614,15.771,15.456,15.147
995,15.632,15.789,15.474,15.165
996,15.65,15.807,15.491,15.182
997,15.675,15.832,15.516,15.206
998,15.692,15.849,15.533,15.223
999,15.726,15.884,15.567,15.256
1000,15.748,15.906,15.588,15.277
1001,15.764,15.922,15.604,15.292
1002,15.78,15.938,15.62,15.308
1003,15.792,15.95,15.631,15.319
1004,15.823,15.982,15.663,15.35
1005,15.825,15.984,15.665,15.352
1006,15.844,16.003,15.683,15.37
1007,15.857,16.016,15.696,15.383
1008,15.889,16.048,15.728,15.414
1009,15.913,16.073,15.752,15.437
1010,15.929,16.089,15.768,15.453
1011,15.947,16.107,15.785,15.47
1012,15.968,16.128,15.806,15.49
1013,15.992,16.152,15.829,15.513
1014,16.013,16.174,15.851,15.534
1015,16.033,16.194,15.871,15.554
1016,16.054,16.215,15.891,15.574
1017,16.093,16.254,15.929,15.611
1018,16.096,16.257,15.932,15.614
1019,16.116,16.278,15.953,15.634
1020,16.147,16.309,15.983,15.664
1021,16.18,16.342,16.016,15.696
1022,16.165,16.327,16.001,15.681
1023,16.162,16.324,15.998,15.679
1024,16.186,16.348,16.022,15.702
1025,16.198,16.36,16.033,15.713
1026,16.212,16.375,16.048,15.728
1027,16.213,16.376,16.049,15.729
1028,16.244,16.407,16.079,15.758
1029,16.254,16.417,16.089,15.768
1030,16.271,16.434,16.106,15.784
1031,16.281,16.444,16.116,15.794
1032,16.301,16.465,16.136,15.814
1033,16.315,16.479,16.15,15.827
1034,16.344,16.508,16.178,15.855
1035,16.365,16.529,16.199,15.876
1036,16.378,16.542,16.212,15.888
1037,16.398,16.562,16.231,15.907
1038,16.403,16.568,16.237,15.913
1039,16.439,16.604,16.272,15.947
1040,16.453,16.618,16.286,15.961
1041,16.475,16.64,16.308,15.982
1042,16.494,16.659,16.326,16
1043,16.5,16.665,16.332,16.006
1044,16.522,16.688,16.355,16.028
1045,16.545,16.711,16.377,16.05
1046,16.564,16.73,16.396,16.069
1047,16.58,16.746,16.412,16.084
1048,16.6,16.766,16.431,16.103
1049,16.621,16.788,16.453,16.124
1050,16.639,16.806,16.47,16.141
1051,16.657,16.824,16.488,16.159
1052,16.661,16.828,16.492,16.163
1053,16.678,16.845,16.509,16.179
1054,16.696,16.863,16.526,16.196
1055,16.718,16.886,16.549,16.219
1056,16.744,16.912,16.574,16.243
1057,16.766,16.934,16.596,16.265
1058,16.774,16.942,16.604,16.272
1059,16.802,16.971,16.632,16.3
1060,16.814,16.983,16.644,16.312
1061,16.829,16.998,16.659,16.326
1062,16.832,17.001,16.661,16.328
1063,16.84,17.009,16.669,16.336
1064,16.857,17.026,16.686,16.353
1065,16.879,17.048,16.708,16.374
1066,16.889,17.058,16.717,16.383
1067,16.905,17.075,16.734,16.4
1068,16.92,17.09,16.749,16.415
1069,16.934,17.104,16.762,16.427
1070,16.949,17.119,16.777,16.442
1071,16.961,17.131,16.789,16.454
1072,16.982,17.152,16.809,16.473
1073,16.999,17.169,16.826,16.49
1074,17.019,17.19,16.847,16.511
1075,17.034,17.205,16.861,16.524
1076,17.059,17.23,16.886,16.549
1077,17.065,17.236,16.892,16.555
1078,17.072,17.243,16.899,16.562
1079,17.084,17.255,16.91,16.572
1080,17.101,17.273,16.928,16.59
1081,17.116,17.288,16.943,16.605
1082,17.135,17.307,16.961,16.622
1083,17.151,17.323,16.977,16.638
1084,17.168,17.34,16.994,16.655
1085,17.179,17.351,17.004,16.664
1086,17.205,17.378,17.031,16.691
1087,17.216,17.389,17.042,16.702
1088,17.231,17.404,17.056,16.715
1089,17.249,17.422,17.074,16.733
1090,17.266,17.439,17.091,16.75
1091,17.284,17.457,17.108,16.766
1092,17.296,17.469,17.12,16.778
1093,17.31,17.484,17.135,16.793
1094,17.328,17.502,17.152,16.809
1095,17.344,17.518,17.168,16.825
1096,17.357,17.531,17.181,16.838
1097,17.376,17.55,17.199,16.856
1098,17.396,17.57,17.219,16.875
1099,17.41,17.585,17.234,16.89
1100,17.423,17.598,17.247,16.903
1101,17.444,17.619,17.267,16.922
1102,17.456,17.631,17.279,16.934
1103,17.471,17.646,17.294,16.949
1104,17.481,17.656,17.303,16.957
1105,17.5,17.675,17.322,16.976
1106,17.516,17.692,17.339,16.993
1107,17.539,17.715,17.361,17.014
1108,17.561,17.737,17.383,17.036
1109,17.581,17.757,17.402,17.054
1110,17.596,17.772,17.417,17.069
1111,17.61,17.787,17.432,17.084
1112,17.623,17.8,17.444,17.096
1113,17.641,17.818,17.462,17.113
1114,17.654,17.831,17.475,17.126
1115,17.676,17.853,17.496,17.147
1116,17.698,17.875,17.518,17.168
1117,17.717,17.895,17.538,17.188
1118,17.737,17.915,17.557,17.206
1119,17.749,17.927,17.569,17.218
1120,17.771,17.949,17.591,17.24
1121,17.791,17.969,17.61,17.258
1122,17.805,17.984,17.625,17.273
1123,17.824,18.003,17.643,17.291
1124,17.839,18.018,17.658,17.305
1125,17.853,18.032,17.672,17.319
1126,17.873,18.052,17.691,17.338
1127,17.884,18.063,17.702,17.348
1128,17.903,18.083,17.722,17.368
1129,17.916,18.096,17.735,17.381
1130,17.939,18.119,17.757,17.402
1131,17.954,18.134,17.772,17.417
1132,17.968,18.148,17.786,17.431
1133,17.983,18.163,17.8,17.444
1134,17.994,18.174,17.811,17.455
1135,18.012,18.193,17.83,17.474
1136,18.031,18.212,17.848,17.492
1137,18.052,18.233,17.869,17.512
1138,18.066,18.247,17.883,17.526
1139,18.081,18.262,17.897,17.54
1140,18.102,18.284,17.919,17.561
1141,18.115,18.297,17.932,17.574
1142,18.129,18.311,17.945,17.587
1143,18.144,18.326,17.96,17.601
1144,18.157,18.339,17.973,17.614
1145,18.177,18.359,17.992,17.633
1146,18.195,18.377,18.01,17.65
1147,18.213,18.396,18.029,17.669
1148,18.227,18.41,18.042,17.682
1149,18.242,18.425,18.057,17.696
1150,18.259,18.442,18.074,17.713
1151,18.272,18.455,18.086,17.725
1152,18.291,18.474,18.105,17.743
1153,18.311,18.495,18.126,17.764
1154,18.329,18.513,18.143,17.781
1155,18.342,18.526,18.156,17.793
1156,18.362,18.546,18.176,17.813
1157,18.373,18.557,18.186,17.823
1158,18.389,18.573,18.202,17.838
1159,18.399,18.583,18.212,17.848
1160,18.416,18.601,18.229,17.865
1161,18.43,18.615,18.243,17.879
1162,18.446,18.631,18.259,17.894
1163,18.463,18.648,18.276,17.911
1164,18.477,18.662,18.289,17.924
1165,18.494,18.679,18.306,17.94
1166,18.509,18.695,18.322,17.956
1167,18.527,18.713,18.339,17.973
1168,18.544,18.73,18.356,17.989
1169,18.562,18.748,18.374,18.007
1170,18.576,18.762,18.387,18.02
1171,18.607,18.794,18.419,18.051
1172,18.622,18.809,18.433,18.065
1173,18.631,18.818,18.442,18.074
1174,18.644,18.831,18.455,18.086
1175,18.669,18.856,18.479,18.11
1176,18.678,18.865,18.488,18.119
1177,18.694,18.881,18.504,18.134
1178,18.709,18.897,18.52,18.15
1179,18.716,18.904,18.526,18.156
1180,18.731,18.919,18.541,18.171
1181,18.741,18.929,18.551,18.18
1182,18.763,18.951,18.572,18.201
1183,18.785,18.973,18.594,18.223
1184,18.802,18.991,18.612,18.24
1185,18.817,19.006,18.626,18.254
1186,18.842,19.031,18.651,18.278
1187,18.846,19.035,18.655,18.282
1188,18.86,19.049,18.669,18.296
1189,18.872,19.061,18.68,18.307
1190,18.888,19.077,18.696,18.323
1191,18.9,19.089,18.708,18.334
1192,18.918,19.108,18.726,18.352
1193,18.928,19.118,18.736,18.362
1194,18.94,19.13,18.748,18.374
1195,18.957,19.147,18.765,18.39
1196,18.976,19.166,18.783,18.408
1197,18.992,19.182,18.799,18.424
1198,19.008,19.199,18.816,18.44
1199,19.026,19.217,18.833,18.457
1200,19.044,19.235,18.851,18.474
1201,19.054,19.245,18.861,18.484
1202,19.079,19.27,18.885,18.508
1203,19.097,19.288,18.903,18.525
1204,19.111,19.303,18.917,18.539
1205,19.122,19.314,18.928,18.55
1206,19.143,19.335,18.949,18.571
1207,19.164,19.356,18.969,18.59
1208,19.177,19.369,18.982,18.603
1209,19.201,19.394,19.007,18.627
1210,19.215,19.408,19.02,18.64
1211,19.225,19.418,19.03,18.65
1212,19.242,19.435,19.047,18.667
1213,19.26,19.453,19.064,18.683
1214,19.279,19.472,19.083,18.702
1215,19.295,19.488,19.099,18.718
1216,19.32,19.514,19.124,18.742
1217,19.33,19.524,19.134,18.752
1218,19.348,19.542,19.152,18.769
1219,19.364,19.558,19.167,18.784
1220,19.391,19.585,19.194,18.811
1221,19.416,19.611,19.219,18.835
1222,19.438,19.633,19.241,18.857
1223,19.441,19.636,19.244,18.86
1224,19.462,19.657,19.264,18.879
1225,19.477,19.672,19.279,18.894
1226,19.488,19.683,19.29,18.905
1227,19.498,19.693,19.3,18.914
1228,19.538,19.734,19.34,18.954
1229,19.557,19.753,19.358,18.971
1230,19.574,19.77,19.375,18.988
1231,19.587,19.783,19.388,19.001
1232,19.617,19.814,19.418,19.03
1233,19.643,19.84,19.444,19.056
1234,19.641,19.838,19.442,19.054
1235,19.657,19.854,19.457,19.068
1236,19.663,19.86,19.463,19.074
1237,19.671,19.868,19.471,19.082
1238,19.691,19.888,19.491,19.102
1239,19.704,19.902,19.504,19.114
1240,19.707,19.905,19.507,19.117
1241,19.725,19.923,19.525,19.135
1242,19.754,19.952,19.553,19.162
1243,19.769,19.967,19.568,19.177
1244,19.77,19.968,19.569,19.178
1245,19.786,19.984,19.585,19.194
1246,19.806,20.005,19.605,19.213
1247,19.817,20.016,19.616,19.224
1248,19.844,20.043,19.643,19.251
1249,19.842,20.041,19.641,19.249
1250,19.857,20.056,19.655,19.262
1251,19.871,20.07,19.669,19.276
1252,19.877,20.076,19.675,19.282
1253,19.89,20.089,19.688,19.295
1254,19.906,20.106,19.704,19.31
1255,19.925,20.125,19.723,19.329
1256,19.949,20.149,19.747,19.353
1257,19.977,20.177,19.774,19.379
1258,19.989,20.189,19.786,19.391
1259,20.004,20.205,19.801,19.405
1260,20.014,20.215,19.811,19.415
1261,20.031,20.232,19.828,19.432
1262,20.056,20.257,19.852,19.455
1263,20.072,20.273,19.868,19.471
1264,20.071,20.272,19.867,19.47
1265,20.093,20.294,19.889,19.492
1266,20.107,20.309,19.903,19.505
1267,20.118,20.32,19.914,19.516
1268,20.132,20.334,19.928,19.53
1269,20.147,20.349,19.943,19.545
1270,20.174,20.376,19.969,19.57
1271,20.184,20.386,19.979,19.58
1272,20.194,20.396,19.989,19.59
1273,20.209,20.412,20.004,19.604
1274,20.224,20.427,20.019,19.619
1275,20.249,20.452,20.043,19.643
1276,20.272,20.475,20.066,19.665
1277,20.287,20.49,20.081,19.68
1278,20.298,20.501,20.091,19.69
1279,20.311,20.515,20.105,19.703
1280,20.333,20.537,20.127,19.725
1281,20.352,20.556,20.145,19.743
1282,20.364,20.568,20.157,19.754
1283,20.387,20.591,20.18,19.777
1284,20.406,20.611,20.199,19.796
1285,20.433,20.638,20.226,19.822
1286,20.441,20.646,20.234,19.83
1287,20.456,20.661,20.248,19.844
1288,20.473,20.678,20.265,19.86
1289,20.486,20.691,20.278,19.873
1290,20.497,20.702,20.288,19.883
1291,20.516,20.722,20.308,19.902
1292,20.525,20.731,20.317,19.911
1293,20.552,20.758,20.343,19.937
1294,20.577,20.783,20.368,19.961
1295,20.6,20.806,20.39,19.983
1296,20.609,20.816,20.4,19.992
1297,20.631,20.838,20.422,20.014
1298,20.638,20.845,20.429,20.021
1299,20.655,20.862,20.445,20.037
1300,20.687,20.894,20.477,20.068
1301,20.694,20.901,20.483,20.074
1302,20.728,20.936,20.518,20.108
1303,20.747,20.955,20.536,20.126
1304,20.766,20.974,20.555,20.144
1305,20.782,20.99,20.571,20.16
1306,20.802,21.011,20.591,20.18
1307,20.816,21.025,20.605,20.193
1308,20.842,21.051,20.63,20.218
1309,20.882,21.091,20.67,20.257
1310,20.887,21.096,20.675,20.262
1311,20.903,21.113,20.691,20.278
1312,20.916,21.126,20.704,20.29
1313,20.925,21.135,20.713,20.299
1314,20.929,21.139,20.717,20.303
1315,20.942,21.152,20.729,20.315
1316,20.966,21.176,20.753,20.338
1317,20.999,21.209,20.785,20.37
1318,21.028,21.239,20.815,20.399
1319,21.045,21.256,20.831,20.415
1320,21.049,21.26,20.835,20.419
1321,21.053,21.264,20.839,20.423
1322,21.073,21.284,20.859,20.442
1323,21.099,21.31,20.884,20.467
1324,21.108,21.32,20.894,20.477
1325,21.113,21.325,20.899,20.482
1326,21.136,21.348,20.922,20.504
1327,21.138,21.35,20.923,20.505
1328,21.163,21.375,20.948,20.53
1329,21.177,21.389,20.962,20.543
1330,21.193,21.405,20.977,20.558
1331,21.206,21.419,20.991,20.572
1332,21.239,21.452,21.023,20.603
1333,21.251,21.464,21.035,20.615
1334,21.287,21.5,21.07,20.649
1335,21.289,21.502,21.072,20.651
1336,21.304,21.518,21.088,20.667
1337,21.323,21.537,21.107,20.685
1338,21.342,21.556,21.125,20.703
1339,21.354,21.568,21.137,20.715
1340,21.374,21.588,21.157,20.734
1341,21.373,21.587,21.156,20.733
1342,21.391,21.605,21.173,20.75
1343,21.41,21.625,21.193,20.77
1344,21.437,21.652,21.219,20.795
1345,21.454,21.669,21.236,20.812
1346,21.477,21.692,21.259,20.834
1347,21.5,21.715,21.281,20.856
1348,21.513,21.729,21.295,20.87
1349,21.527,21.743,21.309,20.883
1350,21.564,21.78,21.345,20.919
1351,21.591,21.807,21.371,20.944
1352,21.617,21.834,21.398,20.971
1353,21.618,21.835,21.399,20.972
1354,21.637,21.854,21.417,20.989
1355,21.655,21.872,21.435,21.007
1356,21.678,21.895,21.458,21.029
1357,21.694,21.911,21.473,21.044
1358,21.684,21.901,21.463,21.034
1359,21.703,21.921,21.483,21.054
1360,21.74,21.958,21.519,21.089
1361,21.755,21.973,21.534,21.104
1362,21.778,21.996,21.557,21.126
1363,21.796,22.014,21.574,21.143
1364,21.789,22.007,21.567,21.136
1365,21.786,22.004,21.564,21.133
1366,21.803,22.022,21.582,21.151
1367,21.831,22.05,21.609,21.177
1368,21.842,22.061,21.62,21.188
1369,21.888,22.107,21.665,21.232
1370,21.904,22.124,21.682,21.249
1371,21.904,22.124,21.682,21.249
1372,21.892,22.111,21.669,21.236
1373,21.911,22.131,21.689,21.256
1374,21.929,22.149,21.707,21.273
1375,21.95,22.17,21.727,21.293
1376,21.992,22.212,21.768,21.333
1377,21.979,22.199,21.756,21.321
1378,22.045,22.266,21.821,21.385
1379,22.081,22.302,21.856,21.419
1380,22.129,22.351,21.904,21.466
1381,22.121,22.343,21.897,21.46
1382,22.091,22.312,21.866,21.429
1383,22.113,22.335,21.889,21.452
1384,22.118,22.34,21.894,21.457
1385,22.179,22.401,21.953,21.514
1386,22.202,22.425,21.977,21.538
1387,22.205,22.428,21.98,21.541
1388,22.189,22.411,21.963,21.524
1389,22.234,22.457,22.008,21.568
1390,22.278,22.501,22.051,21.61
1391,22.274,22.497,22.048,21.608
1392,22.224,22.447,21.999,21.56
1393,22.186,22.408,21.96,21.521
1394,22.137,22.359,21.912,21.474
1395,22.152,22.374,21.927,21.489
1396,22.17,22.392,21.945,21.507
1397,22.166,22.388,21.941,21.503
1398,22.204,22.427,21.979,21.54
1399,22.237,22.46,22.011,21.571
1400,22.248,22.471,22.022,21.582
1401,22.256,22.479,22.03,21.59
1402,22.273,22.496,22.047,21.607
1403,22.284,22.507,22.057,21.616
1404,22.311,22.535,22.085,21.644
1405,22.314,22.538,22.088,21.647
1406,22.343,22.567,22.116,21.674
1407,22.375,22.599,22.148,21.706
1408,22.396,22.62,22.168,21.725
1409,22.437,22.662,22.209,21.765
1410,22.435,22.66,22.207,21.763
1411,22.392,22.616,22.164,21.721
1412,22.451,22.676,22.223,21.779
1413,22.41,22.635,22.183,21.74
1414,22.424,22.649,22.197,21.754
1415,22.443,22.668,22.215,21.771
1416,22.379,22.603,22.151,21.708
1417,22.427,22.652,22.199,21.756
1418,22.449,22.674,22.221,21.777
1419,22.46,22.685,22.232,21.788
1420,22.474,22.699,22.246,21.802
1421,22.46,22.685,22.232,21.788
1422,22.473,22.698,22.245,21.801
1423,22.496,22.721,22.267,21.822
1424,22.517,22.743,22.289,21.844
1425,22.533,22.759,22.304,21.858
1426,22.554,22.78,22.325,21.879
1427,22.577,22.803,22.347,21.901
1428,22.59,22.816,22.36,21.913
1429,22.617,22.844,22.388,21.941
1430,22.632,22.859,22.402,21.954
1431,22.65,22.877,22.42,21.972
1432,22.666,22.893,22.436,21.988
1433,22.685,22.912,22.454,22.005
1434,22.696,22.923,22.465,22.016
1435,22.72,22.948,22.49,22.041
1436,22.736,22.964,22.505,22.055
1437,22.753,22.981,22.522,22.072
1438,22.751,22.979,22.52,22.07
1439,22.79,23.018,22.558,22.107
1440,22.807,23.036,22.576,22.125
1441,22.825,23.054,22.593,22.142
1442,22.847,23.076,22.615,22.163
1443,22.871,23.1,22.638,22.186
1444,22.895,23.124,22.662,22.209
1445,22.914,23.144,22.682,22.229
1446,22.932,23.162,22.699,22.246
1447,22.947,23.177,22.714,22.26
1448,22.969,23.199,22.736,22.282
1449,22.986,23.216,22.752,22.297
1450,23.013,23.244,22.78,22.325
1451,23.009,23.24,22.776,22.321
1452,23.029,23.26,22.795,22.34
1453,23.047,23.278,22.813,22.357
1454,23.065,23.296,22.831,22.375
1455,23.093,23.324,22.858,22.401
1456,23.122,23.354,22.887,22.43
1457,23.147,23.379,22.912,22.454
1458,23.14,23.372,22.905,22.447
1459,23.145,23.377,22.91,22.452
1460,23.178,23.41,22.942,22.484
1461,23.193,23.425,22.957,22.498
1462,23.2,23.432,22.964,22.505
1463,23.201,23.434,22.966,22.507
1464,23.223,23.456,22.987,22.528
1465,23.243,23.476,23.007,22.547
1466,23.25,23.483,23.014,22.554
1467,23.269,23.502,23.032,22.572
1468,23.29,23.523,23.053,22.592
1469,23.303,23.537,23.067,22.606
1470,23.323,23.557,23.086,22.625
1471,23.346,23.58,23.109,22.647
1472,23.381,23.615,23.143,22.681
1473,23.416,23.651,23.178,22.715
1474,23.435,23.67,23.197,22.734
1475,23.453,23.688,23.215,22.751
1476,23.467,23.702,23.228,22.764
1477,23.487,23.722,23.248,22.784
1478,23.485,23.72,23.246,22.782
1479,23.505,23.741,23.267,22.802
1480,23.51,23.746,23.272,22.807
1481,23.514,23.75,23.275,22.81
1482,23.525,23.761,23.286,22.821
1483,23.545,23.781,23.306,22.84
1484,23.568,23.804,23.328,22.862
1485,23.581,23.817,23.341,22.875
1486,23.584,23.82,23.344,22.878
1487,23.596,23.832,23.356,22.889
1488,23.607,23.844,23.368,22.901
1489,23.608,23.845,23.369,22.902
1490,23.625,23.862,23.385,22.918
1491,23.637,23.874,23.397,22.93
1492,23.658,23.895,23.418,22.95
1493,23.668,23.905,23.427,22.959
1494,23.696,23.933,23.455,22.986
1495,23.721,23.959,23.48,23.011
1496,23.736,23.974,23.495,23.026
1497,23.752,23.99,23.511,23.041
1498,23.77,24.008,23.528,23.058
1499,23.788,24.026,23.546,23.076
1500,23.81,24.049,23.569,23.098
1501,23.826,24.065,23.584,23.113
1502,23.843,24.082,23.601,23.129
1503,23.859,24.098,23.617,23.145
1504,23.872,24.111,23.629,23.157
1505,23.888,24.127,23.645,23.173
1506,23.9,24.139,23.657,23.184
1507,23.921,24.161,23.678,23.205
1508,23.942,24.182,23.699,23.226
1509,23.956,24.196,23.713,23.239
1510,23.97,24.21,23.726,23.252
1511,23.986,24.226,23.742,23.268
1512,24.004,24.245,23.761,23.286
1513,24.028,24.269,23.784,23.309
1514,24.045,24.286,23.801,23.325
1515,24.064,24.305,23.819,23.343
1516,24.084,24.325,23.839,23.363
1517,24.096,24.337,23.851,23.374
1518,24.108,24.35,23.863,23.386
1519,24.116,24.358,23.871,23.394
1520,24.138,24.38,23.893,23.416
1521,24.151,24.393,23.906,23.428
1522,24.179,24.421,23.933,23.455
1523,24.192,24.434,23.946,23.468
1524,24.212,24.455,23.966,23.487
1525,24.225,24.468,23.979,23.5
1526,24.243,24.486,23.997,23.518
1527,24.264,24.507,24.017,23.537
1528,24.264,24.507,24.017,23.537
1529,24.276,24.519,24.029,23.549
1530,24.29,24.533,24.043,23.563
1531,24.308,24.552,24.061,23.58
1532,24.318,24.562,24.071,23.59
1533,24.34,24.584,24.093,23.612
1534,24.358,24.602,24.11,23.628
1535,24.375,24.619,24.127,23.645
1536,24.388,24.632,24.14,23.658
1537,24.399,24.643,24.151,23.668
1538,24.413,24.658,24.165,23.682
1539,24.432,24.677,24.184,23.701
1540,24.45,24.695,24.202,23.718
1541,24.471,24.716,24.222,23.738
1542,24.487,24.732,24.238,23.754
1543,24.509,24.755,24.26,23.775
1544,24.524,24.77,24.275,23.79
1545,24.544,24.79,24.295,23.81
1546,24.559,24.805,24.309,23.823
1547,24.587,24.833,24.337,23.851
1548,24.6,24.846,24.35,23.863
1549,24.605,24.852,24.355,23.868
1550,24.633,24.88,24.383,23.896
1551,24.639,24.886,24.389,23.902
1552,24.65,24.897,24.4,23.912
1553,24.666,24.913,24.415,23.927
1554,24.692,24.939,24.441,23.953
1555,24.699,24.946,24.448,23.96
1556,24.71,24.958,24.459,23.97
1557,24.729,24.977,24.478,23.989
1558,24.742,24.99,24.491,24.002
1559,24.765,25.013,24.513,24.023
1560,24.787,25.035,24.535,24.045
1561,24.8,25.048,24.548,24.058
1562,24.821,25.07,24.569,24.078
1563,24.836,25.085,24.584,24.093
1564,24.849,25.098,24.597,24.106
1565,24.878,25.127,24.625,24.133
1566,24.894,25.143,24.641,24.149
1567,24.91,25.16,24.657,24.164
1568,24.934,25.184,24.681,24.188
1569,24.944,25.194,24.691,24.198
1570,24.974,25.224,24.72,24.226
1571,24.963,25.213,24.709,24.215
1572,24.964,25.214,24.71,24.216
1573,24.978,25.228,24.724,24.23
1574,24.998,25.248,24.744,24.25
1575,25.014,25.265,24.76,24.265
1576,25.028,25.279,24.774,24.279
1577,25.035,25.286,24.781,24.286
1578,25.033,25.284,24.779,24.284
1579,25.046,25.297,24.792,24.297
1580,25.076,25.327,24.821,24.325
1581,25.092,25.343,24.837,24.341
1582,25.118,25.37,24.863,24.366
1583,25.131,25.383,24.876,24.379
1584,25.132,25.384,24.877,24.38
1585,25.143,25.395,24.888,24.391
1586,25.152,25.404,24.896,24.399
1587,25.173,25.425,24.917,24.419
1588,25.182,25.434,24.926,24.428
1589,25.205,25.458,24.949,24.451
1590,25.219,25.472,24.963,24.464
1591,25.237,25.49,24.981,24.482
1592,25.259,25.512,25.002,24.502
1593,25.273,25.526,25.016,24.516
1594,25.285,25.538,25.028,24.528
1595,25.311,25.565,25.054,24.553
1596,25.332,25.586,25.075,24.574
1597,25.348,25.602,25.09,24.589
1598,25.371,25.625,25.113,24.611
1599,25.391,25.645,25.133,24.631
1600,25.411,25.666,25.153,24.65
1601,25.425,25.68,25.167,24.664
1602,25.446,25.701,25.187,24.684
1603,25.466,25.721,25.207,24.703
1604,25.474,25.729,25.215,24.711
1605,25.484,25.739,25.225,24.721
1606,25.505,25.761,25.246,24.742
1607,25.525,25.781,25.266,24.761
1608,25.54,25.796,25.281,24.776
1609,25.553,25.809,25.293,24.788
1610,25.572,25.828,25.312,24.806
1611,25.58,25.836,25.32,24.814
1612,25.608,25.865,25.348,24.842
1613,25.629,25.886,25.369,24.862
1614,25.648,25.905,25.387,24.88
1615,25.662,25.919,25.401,24.893
1616,25.671,25.928,25.41,24.902
1617,25.698,25.955,25.436,24.928
1618,25.702,25.96,25.441,24.933
1619,25.726,25.984,25.465,24.956
1620,25.744,26.002,25.482,24.973
1621,25.771,26.029,25.509,24.999
1622,25.767,26.025,25.505,24.995
1623,25.779,26.037,25.517,25.007
1624,25.805,26.064,25.543,25.033
1625,25.831,26.09,25.569,25.058
1626,25.848,26.107,25.585,25.074
1627,25.879,26.138,25.616,25.104
1628,25.898,26.157,25.634,25.122
1629,25.91,26.17,25.647,25.135
1630,25.92,26.18,25.657,25.144
1631,25.936,26.196,25.673,25.16
1632,25.954,26.214,25.69,25.177
1633,25.955,26.215,25.691,25.178
1634,25.984,26.244,25.72,25.206
1635,25.987,26.247,25.723,25.209
1636,26.02,26.281,25.756,25.241
1637,26.031,26.292,25.767,25.252
1638,26.047,26.308,25.782,25.267
1639,26.073,26.334,25.808,25.292
1640,26.081,26.342,25.816,25.3
1641,26.108,26.37,25.843,25.327
1642,26.113,26.375,25.848,25.332
1643,26.145,26.407,25.879,25.362
1644,26.154,26.416,25.888,25.371
1645,26.173,26.435,25.907,25.389
1646,26.21,26.473,25.944,25.426
1647,26.225,26.488,25.959,25.44
1648,26.243,26.506,25.976,25.457
1649,26.25,26.513,25.983,25.464
1650,26.279,26.542,26.012,25.492
1651,26.3,26.563,26.032,25.512
1652,26.32,26.584,26.053,25.532
1653,26.329,26.593,26.062,25.541
1654,26.347,26.611,26.079,25.558
1655,26.367,26.631,26.099,25.578
1656,26.386,26.65,26.117,25.595
1657,26.4,26.664,26.131,25.609
1658,26.42,26.685,26.152,25.629
1659,26.445,26.71,26.176,25.653
1660,26.475,26.74,26.206,25.682
1661,26.504,26.77,26.235,25.711
1662,26.533,26.799,26.264,25.739
1663,26.549,26.815,26.279,25.754
1664,26.556,26.822,26.286,25.761
1665,26.555,26.821,26.285,25.76
1666,26.571,26.837,26.301,25.775
1667,26.588,26.854,26.317,25.791
1668,26.612,26.879,26.342,25.816
1669,26.627,26.894,26.357,25.83
1670,26.65,26.917,26.379,25.852
1671,26.669,26.936,26.398,25.871
1672,26.685,26.952,26.413,25.885
1673,26.707,26.975,26.436,25.908
1674,26.734,27.002,26.462,25.933
1675,26.758,27.026,26.486,25.957
1676,26.722,26.99,26.451,25.922
1677,26.713,26.981,26.442,25.914
1678,26.729,26.997,26.458,25.929
1679,26.754,27.022,26.482,25.953
1680,26.771,27.039,26.499,25.97
1681,26.781,27.049,26.509,25.979
1682,26.805,27.074,26.533,26.003
1683,26.823,27.092,26.551,26.02
1684,26.841,27.11,26.568,26.037
1685,26.847,27.116,26.574,26.043
1686,26.865,27.134,26.592,26.061
1687,26.886,27.155,26.612,26.08
1688,26.907,27.177,26.634,26.102
1689,26.923,27.193,26.65,26.117
1690,26.942,27.212,26.668,26.135
1691,26.957,27.227,26.683,26.15
1692,26.967,27.237,26.693,26.16
1693,26.975,27.245,26.701,26.167
1694,26.99,27.26,26.715,26.181
1695,27.005,27.276,26.731,26.197
1696,27.037,27.308,26.762,26.227
1697,27.06,27.331,26.785,26.25
1698,27.089,27.36,26.813,26.277
1699,27.104,27.376,26.829,26.293
1700,27.126,27.398,26.851,26.314
1701,27.146,27.418,26.87,26.333
1702,27.149,27.421,26.873,26.336
1703,27.164,27.436,26.888,26.351
1704,27.168,27.44,26.892,26.355
1705,27.183,27.455,26.906,26.368
1706,27.205,27.478,26.929,26.391
1707,27.224,27.497,26.948,26.41
1708,27.235,27.508,26.958,26.419
1709,27.252,27.525,26.975,26.436
1710,27.275,27.548,26.998,26.459
1711,27.309,27.583,27.032,26.492
1712,27.326,27.6,27.048,26.508
1713,27.337,27.611,27.059,26.518
1714,27.341,27.615,27.063,26.522
1715,27.347,27.621,27.069,26.528
1716,27.366,27.64,27.088,26.547
1717,27.38,27.654,27.101,26.559
1718,27.383,27.657,27.104,26.562
1719,27.406,27.681,27.128,26.586
1720,27.423,27.698,27.145,26.603
1721,27.443,27.718,27.164,26.621
1722,27.46,27.735,27.181,26.638
1723,27.475,27.75,27.195,26.652
1724,27.493,27.768,27.213,26.669
1725,27.517,27.793,27.238,26.694
1726,27.529,27.805,27.249,26.705
1727,27.552,27.828,27.272,26.727
1728,27.57,27.846,27.29,26.745
1729,27.578,27.854,27.297,26.752
1730,27.59,27.866,27.309,26.763
1731,27.605,27.882,27.325,26.779
1732,27.623,27.9,27.342,26.796
1733,27.638,27.915,27.357,26.81
1734,27.651,27.928,27.37,26.823
1735,27.669,27.946,27.388,26.841
1736,27.68,27.957,27.398,26.851
1737,27.701,27.979,27.42,26.872
1738,27.719,27.997,27.438,26.89
1739,27.751,28.029,27.469,26.92
1740,27.759,28.037,27.477,26.928
1741,27.79,28.068,27.507,26.957
1742,27.812,28.091,27.53,26.98
1743,27.823,28.102,27.54,26.99
1744,27.84,28.119,27.557,27.006
1745,27.863,28.142,27.58,27.029
1746,27.896,28.175,27.612,27.06
1747,27.919,28.199,27.636,27.084
1748,27.94,28.22,27.656,27.103
1749,27.95,28.23,27.666,27.113
1750,27.935,28.215,27.651,27.098
1751,27.916,28.196,27.633,27.081
1752,27.922,28.202,27.638,27.086
1753,27.933,28.213,27.649,27.097
1754,27.941,28.221,27.657,27.104
1755,27.966,28.246,27.682,27.129
1756,27.98,28.26,27.695,27.142
1757,28.005,28.286,27.721,27.167
1758,28.026,28.307,27.741,27.187
1759,28.034,28.315,27.749,27.195
1760,28.047,28.328,27.762,27.207
1761,28.073,28.354,27.787,27.232
1762,28.084,28.365,27.798,27.243
1763,28.108,28.39,27.823,27.267
1764,28.128,28.41,27.842,27.286
1765,28.149,28.431,27.863,27.306
1766,28.185,28.467,27.898,27.341
1767,28.214,28.497,27.928,27.37
1768,28.225,28.508,27.938,27.38
1769,28.217,28.5,27.93,27.372
1770,28.224,28.507,27.937,27.379
1771,28.261,28.544,27.974,27.415
1772,28.281,28.564,27.993,27.434
1773,28.29,28.573,28.002,27.442
1774,28.304,28.588,28.017,27.457
1775,28.331,28.615,28.043,27.483
1776,28.346,28.63,28.058,27.497
1777,28.359,28.643,28.071,27.51
1778,28.373,28.657,28.084,27.523
1779,28.386,28.67,28.097,27.536
1780,28.387,28.671,28.098,27.537
1781,28.402,28.687,28.114,27.552
1782,28.409,28.694,28.121,27.559
1783,28.419,28.704,28.13,27.568
1784,28.434,28.719,28.145,27.583
1785,28.46,28.745,28.171,27.608
1786,28.492,28.777,28.202,27.638
1787,28.514,28.8,28.224,27.66
1788,28.511,28.797,28.222,27.658
1789,28.524,28.81,28.234,27.67
1790,28.535,28.821,28.245,27.681
1791,28.537,28.823,28.247,27.683
1792,28.556,28.842,28.266,27.701
1793,28.572,28.858,28.281,27.716
1794,28.587,28.873,28.296,27.731
1795,28.612,28.899,28.322,27.756
1796,28.618,28.905,28.327,27.761
1797,28.633,28.92,28.342,27.776
1798,28.657,28.944,28.366,27.799
1799,28.666,28.953,28.374,27.807
1800,28.69,28.977,28.398,27.831
1801,28.711,28.999,28.42,27.852
1802,28.717,29.005,28.425,27.857
1803,28.718,29.006,28.426,27.858
1804,28.748,29.036,28.456,27.887
1805,28.795,29.083,28.502,27.932
1806,28.82,29.109,28.527,27.957
1807,28.816,29.105,28.523,27.953
1808,28.828,29.117,28.535,27.965
1809,28.835,29.124,28.542,27.972
1810,28.867,29.156,28.573,28.002
1811,28.877,29.166,28.583,28.012
1812,28.871,29.16,28.577,28.006
1813,28.893,29.182,28.599,28.028
1814,28.893,29.182,28.599,28.028
1815,28.916,29.206,28.622,28.05
1816,28.949,29.239,28.655,28.082
1817,28.981,29.271,28.686,28.113
1818,29.005,29.296,28.711,28.137
1819,29.025,29.316,28.73,28.156
1820,29.042,29.333,28.747,28.173
1821,29.053,29.344,28.758,28.183
1822,29.058,29.349,28.763,28.188
1823,29.08,29.371,28.784,28.209
1824,29.077,29.368,28.781,28.206
1825,29.095,29.386,28.799,28.224
1826,29.12,29.412,28.824,28.248
1827,29.133,29.425,28.837,28.261
1828,29.161,29.453,28.864,28.287
1829,29.195,29.487,28.898,28.321
1830,29.208,29.501,28.911,28.333
1831,29.221,29.514,28.924,28.346
1832,29.244,29.537,28.947,28.369
1833,29.269,29.562,28.971,28.392
1834,29.285,29.578,28.987,28.408
1835,29.309,29.603,29.011,28.431
1836,29.323,29.617,29.025,28.445
1837,29.323,29.617,29.025,28.445
1838,29.33,29.624,29.032,28.452
1839,29.354,29.648,29.056,28.475
1840,29.361,29.655,29.062,28.481
1841,29.403,29.698,29.105,28.523
1842,29.416,29.711,29.117,28.535
1843,29.461,29.756,29.161,28.578
1844,29.502,29.798,29.203,28.619
1845,29.513,29.809,29.213,28.629
1846,29.531,29.827,29.231,28.647
1847,29.538,29.834,29.238,28.654
1848,29.547,29.843,29.247,28.663
1849,29.557,29.853,29.256,28.671
1850,29.572,29.868,29.271,28.686
1851,29.569,29.865,29.268,28.683
1852,29.564,29.86,29.263,28.678
1853,29.579,29.875,29.278,28.693
1854,29.606,29.903,29.305,28.719
1855,29.626,29.923,29.325,28.739
1856,29.651,29.948,29.35,28.763
1857,29.672,29.969,29.37,28.783
1858,29.684,29.981,29.382,28.795
1859,29.704,30.002,29.402,28.814
1860,29.724,30.022,29.422,28.834
1861,29.766,30.064,29.463,28.874
1862,29.766,30.064,29.463,28.874
1863,29.768,30.066,29.465,28.876
1864,29.782,30.08,29.479,28.89
1865,29.798,30.096,29.495,28.906
1866,29.83,30.129,29.527,28.937
1867,29.846,30.145,29.543,28.953
1868,29.847,30.146,29.544,28.954
1869,29.852,30.151,29.548,28.958
1870,29.871,30.17,29.567,28.976
1871,29.922,30.222,29.618,29.026
1872,29.934,30.234,29.63,29.038
1873,29.928,30.228,29.624,29.032
1874,29.947,30.247,29.643,29.051
1875,29.984,30.284,29.679,29.086
1876,29.978,30.278,29.673,29.08
1877,29.998,30.298,29.693,29.1
1878,30.017,30.318,29.712,29.118
1879,30.034,30.335,29.729,29.135
1880,30.066,30.367,29.76,29.165
1881,30.076,30.377,29.77,29.175
1882,30.095,30.396,29.789,29.194
1883,30.106,30.408,29.8,29.204
1884,30.108,30.41,29.802,29.206
1885,30.129,30.431,29.823,29.227
1886,30.144,30.446,29.838,29.242
1887,30.162,30.464,29.855,29.258
1888,30.185,30.487,29.878,29.281
1889,30.189,30.491,29.882,29.285
1890,30.247,30.55,29.939,29.341
1891,30.267,30.57,29.959,29.36
1892,30.293,30.596,29.985,29.386
1893,30.314,30.618,30.006,29.406
1894,30.341,30.645,30.033,29.433
1895,30.345,30.649,30.037,29.437
1896,30.372,30.676,30.063,29.462
1897,30.391,30.695,30.082,29.481
1898,30.407,30.712,30.098,29.497
1899,30.439,30.744,30.13,29.528
1900,30.471,30.776,30.161,29.558
1901,30.484,30.789,30.174,29.571
1902,30.517,30.823,30.207,29.603
1903,30.539,30.845,30.229,29.625
1904,30.549,30.855,30.238,29.634
1905,30.567,30.873,30.256,29.651
1906,30.576,30.882,30.265,29.66
1907,30.575,30.881,30.264,29.659
1908,30.576,30.882,30.265,29.66
1909,30.593,30.899,30.282,29.677
1910,30.608,30.915,30.297,29.692
1911,30.608,30.915,30.297,29.692
1912,30.619,30.926,30.308,29.702
1913,30.626,30.933,30.315,29.709
1914,30.646,30.953,30.334,29.728
1915,30.652,30.959,30.34,29.734
1916,30.669,30.976,30.357,29.75
1917,30.697,31.004,30.384,29.777
1918,30.731,31.039,30.419,29.811
1919,30.725,31.033,30.413,29.805
1920,30.754,31.062,30.441,29.833
1921,30.777,31.085,30.464,29.855
1922,30.771,31.079,30.458,29.849
1923,30.768,31.076,30.455,29.846
1924,30.84,31.149,30.527,29.917
1925,30.904,31.214,30.59,29.979
1926,30.922,31.232,30.608,29.996
1927,30.924,31.234,30.61,29.998
1928,30.926,31.236,30.612,30
1929,30.964,31.274,30.649,30.037
1930,30.966,31.276,30.651,30.038
1931,30.972,31.282,30.657,30.044
1932,31.014,31.325,30.699,30.086
1933,31.017,31.328,30.702,30.088
1934,31.029,31.34,30.714,30.1
1935,31.029,31.34,30.714,30.1
1936,31.048,31.359,30.732,30.118
1937,31.091,31.402,30.774,30.159
1938,31.143,31.455,30.826,30.21
1939,31.148,31.46,30.831,30.215
1940,31.188,31.5,30.87,30.253
1941,31.216,31.529,30.899,30.282
1942,31.19,31.502,30.872,30.255
1943,31.214,31.527,30.897,30.28
1944,31.232,31.545,30.915,30.297
1945,31.265,31.578,30.947,30.329
1946,31.256,31.569,30.938,30.32
1947,31.251,31.564,30.933,30.315
1948,31.26,31.573,30.942,30.324
1949,31.247,31.56,30.929,30.311
1950,31.239,31.552,30.921,30.303
1951,31.255,31.568,30.937,30.319
1952,31.25,31.563,30.932,30.314
1953,31.265,31.578,30.947,30.329
1954,31.291,31.604,30.972,30.353
1955,31.32,31.634,31.002,30.382
1956,31.349,31.663,31.03,30.41
1957,31.343,31.657,31.024,30.404
1958,31.345,31.659,31.026,30.406
1959,31.361,31.675,31.042,30.422
1960,31.418,31.733,31.099,30.478
1961,31.4,31.714,31.08,30.459
1962,31.416,31.731,31.097,30.476
1963,31.411,31.726,31.092,30.471
1964,31.421,31.736,31.102,30.48
1965,31.419,31.734,31.1,30.478
1966,31.436,31.751,31.116,30.494
1967,31.47,31.785,31.15,30.527
1968,31.496,31.811,31.175,30.552
1969,31.459,31.774,31.139,30.517
1970,31.483,31.798,31.163,30.54
1971,31.473,31.788,31.153,30.53
1972,31.533,31.849,31.213,30.589
1973,31.538,31.854,31.217,30.593
1974,31.577,31.893,31.256,30.631
1975,31.601,31.918,31.28,30.655
1976,31.609,31.926,31.288,30.663
1977,31.64,31.957,31.318,30.692
1978,31.643,31.96,31.321,30.695
1979,31.663,31.98,31.341,30.715
1980,31.751,32.069,31.428,30.8
1981,31.764,32.082,31.441,30.813
1982,31.778,32.096,31.455,30.826
1983,31.816,32.135,31.493,30.864
1984,31.779,32.097,31.456,30.827
1985,31.832,32.151,31.508,30.878
1986,31.823,32.142,31.5,30.87
1987,31.75,32.068,31.427,30.799
1988,31.744,32.062,31.421,30.793
1989,31.799,32.117,31.475,30.846
1990,31.807,32.126,31.484,30.855
1991,31.798,32.116,31.474,30.845
1992,31.855,32.174,31.531,30.901
1993,31.876,32.195,31.552,30.921
1994,31.898,32.217,31.573,30.942
1995,31.871,32.19,31.547,30.917
1996,31.868,32.187,31.544,30.914
1997,31.896,32.215,31.571,30.94
1998,31.876,32.195,31.552,30.921
1999,31.919,32.239,31.595,30.964
2000,31.9,32.219,31.575,30.944
2001,31.886,32.205,31.561,30.93
2002,31.924,32.244,31.6,30.968
2003,31.901,32.221,31.577,30.946
2004,31.918,32.238,31.594,30.963
2005,31.928,32.248,31.604,30.972
2006,31.93,32.25,31.605,30.973
2007,31.933,32.253,31.608,30.976
2008,31.932,32.252,31.607,30.975
2009,31.935,32.255,31.61,30.978
2010,31.966,32.286,31.641,31.009
2011,31.981,32.301,31.655,31.022
2012,31.991,32.311,31.665,31.032
2013,31.987,32.307,31.661,31.028
2014,32.025,32.346,31.7,31.066
2015,32.026,32.347,31.701,31.067
2016,32.043,32.364,31.717,31.083
2017,32.055,32.376,31.729,31.095
2018,32.06,32.381,31.734,31.1
2019,32.075,32.396,31.749,31.115
2020,32.088,32.409,31.761,31.126
2021,32.091,32.412,31.764,31.129
2022,32.107,32.429,31.781,31.146
2023,32.11,32.432,31.784,31.149
2024,32.126,32.448,31.8,31.164
2025,32.129,32.451,31.802,31.166
2026,32.147,32.469,31.82,31.184
2027,32.165,32.487,31.838,31.202
2028,32.158,32.48,31.831,31.195
2029,32.2,32.522,31.872,31.235
2030,32.24,32.563,31.912,31.274
2031,32.265,32.588,31.937,31.299
2032,32.279,32.602,31.95,31.311
2033,32.296,32.619,31.967,31.328
2034,32.327,32.651,31.998,31.359
2035,32.36,32.684,32.031,31.391
2036,32.371,32.695,32.042,31.402
2037,32.394,32.718,32.064,31.423
2038,32.422,32.747,32.093,31.452
2039,32.447,32.772,32.117,31.475
2040,32.452,32.777,32.122,31.48
2041,32.476,32.801,32.145,31.503
2042,32.549,32.875,32.218,31.574
2043,32.576,32.902,32.244,31.6
2044,32.593,32.919,32.261,31.616
2045,32.577,32.903,32.245,31.601
2046,32.596,32.922,32.264,31.619
2047,32.631,32.958,32.299,31.654
2048,32.673,33,32.34,31.694
2049,32.632,32.959,32.3,31.654
2050,32.63,32.957,32.298,31.653
2051,32.621,32.948,32.29,31.645
2052,32.608,32.935,32.277,31.632
2053,32.661,32.988,32.329,31.683
2054,32.668,32.995,32.336,31.69
2055,32.656,32.983,32.324,31.678
2056,32.658,32.985,32.326,31.68
2057,32.677,33.004,32.344,31.698
2058,32.696,33.023,32.363,31.716
2059,32.709,33.037,32.377,31.73
2060,32.734,33.062,32.401,31.753
2061,32.747,33.075,32.414,31.766
2062,32.777,33.105,32.443,31.795
2063,32.795,33.123,32.461,31.812
2064,32.827,33.156,32.493,31.844
2065,32.856,33.185,32.522,31.872
2066,32.881,33.21,32.546,31.896
2067,32.911,33.241,32.577,31.926
2068,32.915,33.245,32.581,31.93
2069,32.946,33.276,32.611,31.959
2070,32.953,33.283,32.618,31.966
2071,32.955,33.285,32.62,31.968
2072,32.99,33.32,32.654,32.001
2073,33.003,33.334,32.668,32.015
2074,33.025,33.356,32.689,32.036
2075,33.045,33.376,32.709,32.055
2076,33.07,33.401,32.733,32.079
2077,33.066,33.397,32.73,32.076
2078,33.088,33.419,32.751,32.096
2079,33.104,33.436,32.768,32.113
2080,33.107,33.439,32.771,32.116
2081,33.133,33.465,32.796,32.141
2082,33.153,33.485,32.816,32.16
2083,33.165,33.497,32.828,32.172
2084,33.177,33.509,32.839,32.183
2085,33.223,33.556,32.885,32.228
2086,33.23,33.563,32.892,32.235
2087,33.241,33.574,32.903,32.245
2088,33.269,33.602,32.93,32.272
2089,33.273,33.606,32.934,32.276
2090,33.286,33.619,32.947,32.289
2091,33.302,33.636,32.964,32.305
2092,33.31,33.644,32.972,32.313
2093,33.321,33.655,32.982,32.323
2094,33.323,33.657,32.984,32.325
2095,33.355,33.689,33.016,32.356
2096,33.381,33.715,33.041,32.381
2097,33.422,33.757,33.082,32.421
2098,33.436,33.771,33.096,32.435
2099,33.452,33.787,33.112,32.45
2100,33.475,33.81,33.134,32.472
2101,33.496,33.831,33.155,32.492
2102,33.532,33.868,33.191,32.528
2103,33.541,33.877,33.2,32.536
2104,33.568,33.904,33.226,32.562
2105,33.593,33.929,33.251,32.586
2106,33.603,33.94,33.262,32.597
2107,33.62,33.957,33.278,32.613
2108,33.635,33.972,33.293,32.628
2109,33.628,33.965,33.286,32.621
2110,33.637,33.974,33.295,32.63
2111,33.664,34.001,33.321,32.655
2112,33.675,34.012,33.332,32.666
2113,33.712,34.05,33.369,32.702
2114,33.742,34.08,33.399,32.732
2115,33.756,34.094,33.413,32.745
2116,33.783,34.121,33.439,32.771
2117,33.804,34.143,33.461,32.792
2118,33.819,34.158,33.475,32.806
2119,33.835,34.174,33.491,32.822
2120,33.828,34.167,33.484,32.815
2121,33.849,34.188,33.505,32.835
2122,33.885,34.224,33.54,32.87
2123,33.887,34.226,33.542,32.872
2124,33.91,34.25,33.565,32.894
2125,33.943,34.283,33.598,32.927
2126,33.968,34.308,33.622,32.95
2127,33.972,34.312,33.626,32.954
2128,33.997,34.337,33.651,32.978
2129,34.02,34.361,33.674,33.001
2130,34.026,34.367,33.68,33.007
2131,34.054,34.395,33.708,33.034
2132,34.076,34.417,33.729,33.055
2133,34.072,34.413,33.725,33.051
2134,34.089,34.43,33.742,33.068
2135,34.109,34.451,33.762,33.087
2136,34.121,34.463,33.774,33.099
2137,34.162,34.504,33.814,33.138
2138,34.187,34.529,33.839,33.163
2139,34.191,34.533,33.843,33.167
2140,34.208,34.551,33.86,33.183
2141,34.237,34.58,33.889,33.212
2142,34.247,34.59,33.899,33.222
2143,34.26,34.603,33.911,33.233
2144,34.299,34.642,33.95,33.271
2145,34.328,34.672,33.979,33.3
2146,34.341,34.685,33.992,33.313
2147,34.363,34.707,34.013,33.333
2148,34.4,34.744,34.05,33.369
2149,34.404,34.749,34.055,33.374
2150,34.425,34.77,34.075,33.394
2151,34.451,34.796,34.101,33.419
2152,34.463,34.808,34.112,33.43
2153,34.472,34.817,34.121,33.439
2154,34.472,34.817,34.121,33.439
2155,34.49,34.835,34.139,33.457
2156,34.535,34.881,34.184,33.501
2157,34.546,34.892,34.195,33.512
2158,34.566,34.912,34.214,33.53
2159,34.565,34.911,34.213,33.529
2160,34.564,34.91,34.212,33.528
2161,34.558,34.904,34.206,33.522
2162,34.58,34.926,34.228,33.544
2163,34.61,34.957,34.258,33.573
2164,34.631,34.978,34.279,33.594
2165,34.627,34.974,34.275,33.59
2166,34.631,34.978,34.279,33.594
2167,34.649,34.996,34.297,33.612
2168,34.669,35.016,34.316,33.63
2169,34.667,35.014,34.314,33.628
2170,34.67,35.017,34.317,33.631
2171,34.686,35.033,34.333,33.647
2172,34.707,35.055,34.354,33.667
2173,34.717,35.065,34.364,33.677
2174,34.748,35.096,34.395,33.708
2175,34.779,35.127,34.425,33.737
2176,34.794,35.142,34.44,33.752
2177,34.816,35.165,34.462,33.773
2178,34.825,35.174,34.471,33.782
2179,34.839,35.188,34.485,33.796
2180,34.871,35.22,34.516,33.826
2181,34.899,35.248,34.544,33.854
2182,34.922,35.272,34.567,33.876
2183,34.924,35.274,34.569,33.878
2184,34.93,35.28,34.575,33.884
2185,34.948,35.298,34.593,33.902
2186,34.962,35.312,34.606,33.914
2187,34.983,35.333,34.627,33.935
2188,35.006,35.357,34.65,33.957
2189,35.013,35.364,34.657,33.964
2190,35.033,35.384,34.677,33.984
2191,35.059,35.41,34.702,34.008
2192,35.085,35.436,34.728,34.034
2193,35.111,35.463,34.754,34.059
2194,35.112,35.464,34.755,34.06
2195,35.123,35.475,34.766,34.071
2196,35.121,35.473,34.764,34.069
2197,35.127,35.479,34.77,34.075
2198,35.141,35.493,34.784,34.089
2199,35.155,35.507,34.797,34.102
2200,35.181,35.533,34.823,34.127
2201,35.216,35.569,34.858,34.161
2202,35.224,35.577,34.866,34.169
2203,35.251,35.604,34.892,34.195
2204,35.256,35.609,34.897,34.2
2205,35.268,35.621,34.909,34.211
2206,35.28,35.633,34.921,34.223
2207,35.301,35.655,34.942,34.244
2208,35.325,35.679,34.966,34.267
2209,35.332,35.686,34.973,34.274
2210,35.364,35.718,35.004,34.304
2211,35.384,35.738,35.024,34.324
2212,35.385,35.739,35.025,34.325
2213,35.39,35.744,35.03,34.33
2214,35.398,35.752,35.037,34.337
2215,35.415,35.77,35.055,34.354
2216,35.406,35.761,35.046,34.346
2217,35.433,35.788,35.073,34.372
2218,35.459,35.814,35.098,34.397
2219,35.456,35.811,35.095,34.394
2220,35.46,35.815,35.099,34.398
2221,35.467,35.822,35.106,34.404
2222,35.463,35.818,35.102,34.4
2223,35.492,35.847,35.131,34.429
2224,35.531,35.887,35.17,34.467
2225,35.539,35.895,35.178,34.475
2226,35.569,35.925,35.207,34.503
2227,35.598,35.954,35.235,34.531
2228,35.606,35.963,35.244,34.54
2229,35.611,35.968,35.249,34.545
2230,35.622,35.979,35.26,34.555
2231,35.652,36.009,35.289,34.584
2232,35.674,36.031,35.311,34.605
2233,35.684,36.041,35.321,34.615
2234,35.69,36.047,35.327,34.621
2235,35.7,36.057,35.336,34.63
2236,35.697,36.054,35.333,34.627
2237,35.787,36.145,35.423,34.715
2238,35.797,36.155,35.432,34.724
2239,35.845,36.204,35.48,34.771
2240,35.869,36.228,35.504,34.794
2241,35.887,36.246,35.522,34.812
2242,35.907,36.267,35.542,34.832
2243,35.919,36.279,35.554,34.843
2244,35.933,36.293,35.568,34.857
2245,35.956,36.316,35.59,34.879
2246,36,36.36,35.633,34.921
2247,36.019,36.38,35.653,34.94
2248,36.063,36.424,35.696,34.983
2249,36.117,36.479,35.75,35.035
2250,36.155,36.517,35.787,35.072
2251,36.178,36.54,35.81,35.094
2252,36.178,36.54,35.81,35.094
2253,36.19,36.552,35.821,35.105
2254,36.179,36.541,35.811,35.095
2255,36.169,36.531,35.801,35.085
2256,36.206,36.569,35.838,35.122
2257,36.222,36.585,35.854,35.137
2258,36.268,36.631,35.899,35.182
2259,36.278,36.641,35.909,35.191
2260,36.286,36.649,35.917,35.199
2261,36.268,36.631,35.899,35.182
2262,36.27,36.633,35.901,35.183
2263,36.264,36.627,35.895,35.178
2264,36.287,36.65,35.917,35.199
2265,36.29,36.653,35.92,35.202
2266,36.301,36.665,35.932,35.214
2267,36.313,36.677,35.944,35.226
2268,36.318,36.682,35.949,35.231
2269,36.343,36.707,35.973,35.254
2270,36.356,36.72,35.986,35.267
2271,36.351,36.715,35.981,35.262
2272,36.357,36.721,35.987,35.268
2273,36.352,36.716,35.982,35.263
2274,36.376,36.74,36.006,35.286
2275,36.382,36.746,36.012,35.292
2276,36.425,36.79,36.055,35.334
2277,36.445,36.81,36.074,35.353
2278,36.445,36.81,36.074,35.353
2279,36.462,36.827,36.091,35.37
2280,36.489,36.854,36.117,35.395
2281,36.517,36.883,36.146,35.424
2282,36.549,36.915,36.177,35.454
2283,36.553,36.919,36.181,35.458
2284,36.548,36.914,36.176,35.453
2285,36.556,36.922,36.184,35.461
2286,36.556,36.922,36.184,35.461
2287,36.582,36.948,36.21,35.486
2288,36.616,36.983,36.244,35.52
2289,36.643,37.01,36.27,35.545
2290,36.674,37.041,36.301,35.575
2291,36.712,37.08,36.339,35.613
2292,36.7,37.067,36.326,35.6
2293,36.7,37.067,36.326,35.6
2294,36.709,37.077,36.336,35.61
2295,36.74,37.108,36.366,35.639
2296,36.763,37.131,36.389,35.662
2297,36.786,37.154,36.411,35.683
2298,36.802,37.171,36.428,35.7
2299,36.827,37.196,36.453,35.724
2300,36.848,37.217,36.473,35.744
2301,36.871,37.24,36.496,35.767
2302,36.875,37.244,36.5,35.77
2303,36.916,37.286,36.541,35.811
2304,36.928,37.298,36.553,35.822
2305,36.948,37.318,36.572,35.841
2306,36.971,37.341,36.595,35.864
2307,37.018,37.389,36.642,35.91
2308,37.06,37.431,36.683,35.95
2309,37.081,37.452,36.703,35.969
2310,37.118,37.49,36.741,36.007
2311,37.134,37.506,36.756,36.021
2312,37.124,37.496,36.747,36.013
2313,37.141,37.513,36.763,36.028
2314,37.147,37.519,36.769,36.034
2315,37.172,37.544,36.794,36.059
2316,37.188,37.56,36.809,36.073
2317,37.184,37.556,36.805,36.069
2318,37.171,37.543,36.793,36.058
2319,37.179,37.551,36.8,36.064
2320,37.194,37.566,36.815,36.079
2321,37.212,37.585,36.834,36.098
2322,37.229,37.602,36.85,36.113
2323,37.26,37.633,36.881,36.144
2324,37.29,37.663,36.91,36.172
2325,37.293,37.666,36.913,36.175
2326,37.281,37.654,36.901,36.163
2327,37.304,37.678,36.925,36.187
2328,37.317,37.691,36.938,36.2
2329,37.337,37.711,36.957,36.218
2330,37.328,37.702,36.948,36.21
2331,37.341,37.715,36.961,36.222
2332,37.363,37.737,36.983,36.244
2333,37.385,37.759,37.004,36.264
2334,37.416,37.791,37.036,36.296
2335,37.419,37.794,37.039,36.299
2336,37.441,37.816,37.06,36.319
2337,37.477,37.852,37.095,36.354
2338,37.501,37.877,37.12,36.378
2339,37.529,37.905,37.147,36.405
2340,37.542,37.918,37.16,36.417
2341,37.572,37.948,37.19,36.447
2342,37.591,37.967,37.208,36.464
2343,37.612,37.989,37.23,36.486
2344,37.652,38.029,37.269,36.524
2345,37.699,38.076,37.315,36.569
2346,37.717,38.095,37.334,36.588
2347,37.751,38.129,37.367,36.62
2348,37.781,38.159,37.396,36.649
2349,37.795,38.173,37.41,36.662
2350,37.84,38.219,37.455,36.706
2351,37.864,38.243,37.479,36.73
2352,37.9,38.279,37.514,36.764
2353,37.907,38.287,37.522,36.772
2354,37.915,38.295,37.53,36.78
2355,37.927,38.307,37.541,36.791
2356,37.9,38.279,37.514,36.764
2357,37.915,38.295,37.53,36.78
2358,37.968,38.348,37.582,36.831
2359,37.988,38.368,37.601,36.849
2360,37.985,38.365,37.598,36.847
2361,38.003,38.384,37.617,36.865
2362,38.021,38.402,37.634,36.882
2363,38.044,38.425,37.657,36.904
2364,38.032,38.413,37.645,36.893
2365,38.047,38.428,37.66,36.907
2366,38.046,38.427,37.659,36.906
2367,38.062,38.443,37.675,36.922
2368,38.075,38.456,37.687,36.934
2369,38.094,38.475,37.706,36.952
2370,38.094,38.475,37.706,36.952
2371,38.127,38.509,37.739,36.985
2372,38.155,38.537,37.767,37.012
2373,38.196,38.578,37.807,37.051
2374,38.205,38.588,37.817,37.061
2375,38.224,38.607,37.835,37.079
2376,38.236,38.619,37.847,37.091
2377,38.223,38.606,37.834,37.078
2378,38.218,38.601,37.829,37.073
2379,38.256,38.639,37.867,37.11
2380,38.263,38.646,37.874,37.117
2381,38.324,38.708,37.934,37.176
2382,38.316,38.7,37.926,37.168
2383,38.323,38.707,37.933,37.175
2384,38.338,38.722,37.948,37.19
2385,38.373,38.757,37.982,37.223
2386,38.409,38.794,38.019,37.259
2387,38.411,38.796,38.021,37.261
2388,38.44,38.825,38.049,37.289
2389,38.442,38.827,38.051,37.29
2390,38.49,38.875,38.098,37.337
2391,38.497,38.882,38.105,37.343
2392,38.52,38.906,38.128,37.366
2393,38.551,38.937,38.159,37.396
2394,38.536,38.922,38.144,37.382
2395,38.531,38.917,38.139,37.377
2396,38.551,38.937,38.159,37.396
2397,38.529,38.915,38.137,37.375
2398,38.522,38.908,38.13,37.368
2399,38.518,38.904,38.126,37.364
2400,38.547,38.933,38.155,37.392
2401,38.555,38.941,38.163,37.4
2402,38.572,38.958,38.179,37.416
2403,38.574,38.96,38.181,37.418
2404,38.564,38.95,38.171,37.408
2405,38.557,38.943,38.165,37.402
2406,38.575,38.961,38.182,37.419
2407,38.587,38.973,38.194,37.431
2408,38.648,39.035,38.255,37.49
2409,38.674,39.061,38.28,37.515
2410,38.673,39.06,38.279,37.514
2411,38.703,39.091,38.31,37.544
2412,38.711,39.099,38.318,37.552
2413,38.74,39.128,38.346,37.58
2414,38.748,39.136,38.354,37.587
2415,38.748,39.136,38.354,37.587
2416,38.764,39.152,38.369,37.602
2417,38.789,39.177,38.394,37.627
2418,38.783,39.171,38.388,37.621
2419,38.792,39.18,38.397,37.63
2420,38.804,39.193,38.41,37.642
2421,38.802,39.191,38.408,37.64
2422,38.815,39.204,38.42,37.652
2423,38.864,39.253,38.468,37.699
2424,38.853,39.242,38.458,37.689
2425,38.864,39.253,38.468,37.699
2426,38.883,39.272,38.487,37.718
2427,38.891,39.28,38.495,37.726
2428,38.91,39.3,38.514,37.744
2429,38.947,39.337,38.551,37.78
2430,38.983,39.373,38.586,37.815
2431,38.977,39.367,38.58,37.809
2432,39.004,39.395,38.608,37.836
2433,39.063,39.454,38.665,37.892
2434,39.064,39.455,38.666,37.893
2435,39.106,39.498,38.709,37.935
2436,39.128,39.52,38.73,37.956
2437,39.152,39.544,38.754,37.979
2438,39.128,39.52,38.73,37.956
2439,39.121,39.513,38.723,37.949
2440,39.141,39.533,38.743,37.969
2441,39.14,39.532,38.742,37.968
2442,39.154,39.546,38.756,37.981
2443,39.163,39.555,38.764,37.989
2444,39.135,39.527,38.737,37.963
2445,39.138,39.53,38.74,37.966
2446,39.165,39.557,38.766,37.991
2447,39.193,39.585,38.794,38.019
2448,39.197,39.589,38.798,38.023
2449,39.231,39.624,38.832,38.056
2450,39.24,39.633,38.841,38.065
2451,39.241,39.634,38.842,38.066
2452,39.285,39.678,38.885,38.108
2453,39.29,39.683,38.89,38.113
2454,39.346,39.74,38.946,38.168
2455,39.381,39.775,38.98,38.201
2456,39.37,39.764,38.969,38.19
2457,39.394,39.788,38.993,38.214
2458,39.371,39.765,38.97,38.191
2459,39.387,39.781,38.986,38.207
2460,39.439,39.834,39.038,38.258
2461,39.461,39.856,39.059,38.278
2462,39.475,39.87,39.073,38.292
2463,39.483,39.878,39.081,38.3
2464,39.511,39.907,39.109,38.327
2465,39.546,39.942,39.144,38.362
2466,39.592,39.988,39.189,38.406
2467,39.614,40.011,39.211,38.427
2468,39.681,40.078,39.277,38.492
2469,39.711,40.109,39.307,38.521
2470,39.719,40.117,39.315,38.529
2471,39.782,40.18,39.377,38.59
2472,39.803,40.202,39.398,38.611
2473,39.801,40.2,39.396,38.609
2474,39.81,40.209,39.405,38.617
2475,39.817,40.216,39.412,38.624
2476,39.819,40.218,39.414,38.626
2477,39.83,40.229,39.425,38.637
2478,39.83,40.229,39.425,38.637
2479,39.884,40.283,39.478,38.689
2480,39.909,40.309,39.503,38.713
2481,39.938,40.338,39.532,38.742
2482,39.955,40.355,39.548,38.758
2483,39.976,40.376,39.569,38.778
2484,39.967,40.367,39.56,38.769
2485,39.986,40.386,39.579,38.788
2486,40.03,40.431,39.623,38.831
2487,40.051,40.452,39.643,38.851
2488,40.055,40.456,39.647,38.855
2489,40.086,40.487,39.678,38.885
2490,40.122,40.524,39.714,38.92
2491,40.151,40.553,39.742,38.948
2492,40.165,40.567,39.756,38.961
2493,40.225,40.628,39.816,39.02
2494,40.209,40.612,39.8,39.004
2495,40.192,40.594,39.783,38.988
2496,40.245,40.648,39.836,39.04
2497,40.217,40.62,39.808,39.012
2498,40.216,40.619,39.807,39.011
2499,40.255,40.658,39.845,39.049
2500,40.286,40.689,39.876,39.079
2501,40.391,40.795,39.98,39.181
2502,40.358,40.762,39.947,39.149
2503,40.41,40.815,39.999,39.2
2504,40.444,40.849,40.033,39.233
2505,40.506,40.912,40.094,39.293
2506,40.582,40.988,40.169,39.366
2507,40.591,40.997,40.178,39.375
2508,40.61,41.017,40.197,39.394
2509,40.631,41.038,40.218,39.414
2510,40.662,41.069,40.248,39.444
2511,40.686,41.093,40.272,39.467
2512,40.644,41.051,40.23,39.426
2513,40.579,40.985,40.166,39.363
2514,40.521,40.927,40.109,39.307
2515,40.544,40.95,40.131,39.329
2516,40.508,40.914,40.096,39.295
2517,40.61,41.017,40.197,39.394
2518,40.686,41.093,40.272,39.467
2519,40.72,41.128,40.306,39.5
2520,40.709,41.117,40.295,39.49
2521,40.776,41.184,40.361,39.554
2522,40.782,41.19,40.367,39.56
2523,40.792,41.2,40.376,39.569
2524,40.816,41.225,40.401,39.593
2525,40.838,41.247,40.423,39.615
2526,40.881,41.29,40.465,39.656
2527,40.889,41.298,40.473,39.664
2528,40.836,41.245,40.421,39.613
2529,40.803,41.212,40.388,39.581
2530,40.887,41.296,40.471,39.662
2531,40.889,41.298,40.473,39.664
2532,40.907,41.317,40.491,39.682
2533,40.923,41.333,40.507,39.697
2534,40.957,41.367,40.54,39.73
2535,40.893,41.302,40.476,39.667
2536,40.964,41.374,40.547,39.737
2537,40.909,41.319,40.493,39.684
2538,40.938,41.348,40.522,39.712
2539,40.978,41.388,40.561,39.75
2540,40.939,41.349,40.523,39.713
2541,40.97,41.38,40.553,39.742
2542,40.998,41.408,40.58,39.769
2543,40.984,41.394,40.567,39.756
2544,41.018,41.429,40.601,39.789
2545,41.055,41.466,40.637,39.825
2546,41.047,41.458,40.629,39.817
2547,41.09,41.501,40.671,39.858
2548,41.092,41.503,40.673,39.86
2549,41.114,41.526,40.696,39.883
2550,41.143,41.555,40.724,39.91
2551,41.14,41.552,40.721,39.907
2552,41.165,41.577,40.746,39.932
2553,41.187,41.599,40.768,39.953
2554,41.209,41.622,40.79,39.975
2555,41.219,41.632,40.8,39.984
2556,41.277,41.69,40.857,40.04
2557,41.295,41.708,40.874,40.057
2558,41.341,41.755,40.92,40.102
2559,41.322,41.736,40.902,40.084
2560,41.364,41.778,40.943,40.125
2561,41.408,41.823,40.987,40.168
2562,41.419,41.834,40.998,40.179
2563,41.449,41.864,41.027,40.207
2564,41.492,41.907,41.069,40.248
2565,41.501,41.917,41.079,40.258
2566,41.587,42.003,41.163,40.34
2567,41.57,41.986,41.147,40.325
2568,41.564,41.98,41.141,40.319
2569,41.524,41.94,41.102,40.28
2570,41.554,41.97,41.131,40.309
2571,41.56,41.976,41.137,40.315
2572,41.57,41.986,41.147,40.325
2573,41.608,42.025,41.185,40.362
2574,41.635,42.052,41.211,40.387
2575,41.643,42.06,41.219,40.395
2576,41.698,42.115,41.273,40.448
2577,41.734,42.152,41.309,40.483
2578,41.825,42.244,41.4,40.572
2579,41.787,42.205,41.361,40.534
2580,41.818,42.237,41.393,40.566
2581,41.829,42.248,41.404,40.576
2582,41.846,42.265,41.42,40.592
2583,41.794,42.212,41.368,40.541
2584,41.823,42.242,41.398,40.571
2585,41.869,42.288,41.443,40.615
2586,41.925,42.345,41.499,40.67
2587,41.976,42.396,41.549,40.719
2588,42.005,42.426,41.578,40.747
2589,42.072,42.493,41.644,40.812
2590,42.122,42.544,41.694,40.861
2591,42.101,42.523,41.673,40.84
2592,42.179,42.601,41.749,40.915
2593,42.254,42.677,41.824,40.988
2594,42.295,42.718,41.864,41.027
2595,42.247,42.67,41.817,40.981
2596,42.292,42.715,41.861,41.024
2597,42.251,42.674,41.821,40.985
2598,42.157,42.579,41.728,40.894
2599,42.229,42.652,41.799,40.964
2600,42.171,42.593,41.742,40.908
2601,42.236,42.659,41.806,40.97
2602,42.21,42.633,41.781,40.946
2603,42.334,42.758,41.903,41.065
2604,42.304,42.728,41.874,41.037
2605,42.344,42.768,41.913,41.075
2606,42.301,42.725,41.871,41.034
2607,42.348,42.772,41.917,41.079
2608,42.336,42.76,41.905,41.067
2609,42.352,42.776,41.921,41.083
2610,42.284,42.707,41.853,41.016
2611,42.264,42.687,41.834,40.998
2612,42.316,42.74,41.886,41.049
2613,42.363,42.787,41.932,41.094
2614,42.406,42.831,41.975,41.136
2615,42.399,42.823,41.967,41.128
2616,42.413,42.838,41.982,41.143
2617,42.326,42.75,41.895,41.058
2618,42.32,42.744,41.89,41.053
2619,42.307,42.731,41.877,41.04
2620,42.385,42.809,41.953,41.114
2621,42.421,42.846,41.99,41.151
2622,42.415,42.84,41.984,41.145
2623,42.389,42.813,41.957,41.118
2624,42.441,42.866,42.009,41.169
2625,42.524,42.95,42.091,41.25
2626,42.534,42.96,42.101,41.259
2627,42.398,42.822,41.966,41.127
2628,42.352,42.776,41.921,41.083
2629,42.378,42.802,41.946,41.108
2630,42.366,42.79,41.935,41.097
2631,42.335,42.759,41.904,41.066
2632,42.332,42.756,41.901,41.063
2633,42.303,42.727,41.873,41.036
2634,42.299,42.722,41.868,41.031
2635,42.298,42.721,41.867,41.03
2636,42.346,42.77,41.915,41.077
2637,42.317,42.741,41.887,41.05
2638,42.341,42.765,41.91,41.072
2639,42.342,42.766,41.911,41.073
2640,42.372,42.796,41.941,41.103
2641,42.373,42.797,41.942,41.104
2642,42.416,42.841,41.985,41.146
2643,42.44,42.865,42.008,41.168
2644,42.438,42.863,42.006,41.166
2645,42.397,42.821,41.965,41.126
2646,42.411,42.836,41.98,41.141
2647,42.429,42.854,41.997,41.158
2648,42.462,42.887,42.03,41.19
2649,42.473,42.898,42.041,41.201
2650,42.499,42.924,42.066,41.225
2651,42.514,42.94,42.082,41.241
2652,42.511,42.937,42.079,41.238
2653,42.549,42.975,42.116,41.274
2654,42.504,42.93,42.072,41.231
2655,42.547,42.973,42.114,41.272
2656,42.568,42.994,42.135,41.293
2657,42.619,43.046,42.186,41.343
2658,42.617,43.044,42.184,41.341
2659,42.614,43.041,42.181,41.338
2660,42.65,43.077,42.216,41.372
2661,42.687,43.114,42.252,41.407
2662,42.724,43.152,42.289,41.444
2663,42.767,43.195,42.332,41.486
2664,42.756,43.184,42.321,41.475
2665,42.797,43.225,42.361,41.514
2666,42.883,43.312,42.446,41.598
2667,42.94,43.37,42.503,41.653
2668,42.957,43.387,42.52,41.67
2669,42.974,43.404,42.536,41.686
2670,42.956,43.386,42.519,41.669
2671,43.007,43.438,42.57,41.719
2672,42.969,43.399,42.532,41.682
2673,43.021,43.452,42.583,41.732
2674,43.026,43.457,42.588,41.737
2675,43.041,43.472,42.603,41.751
2676,43.064,43.495,42.626,41.774
2677,43.034,43.465,42.596,41.745
2678,43.033,43.464,42.595,41.744
2679,43.058,43.489,42.62,41.768
2680,43.087,43.518,42.648,41.796
2681,43.086,43.517,42.647,41.795
2682,43.177,43.609,42.737,41.883
2683,43.176,43.608,42.736,41.882
2684,43.144,43.576,42.705,41.851
2685,43.165,43.597,42.726,41.872
2686,43.178,43.61,42.738,41.884
2687,43.214,43.647,42.775,41.92
2688,43.172,43.604,42.732,41.878
2689,43.246,43.679,42.806,41.95
2690,43.172,43.604,42.732,41.878
2691,43.151,43.583,42.712,41.858
2692,43.17,43.602,42.73,41.876
2693,43.227,43.66,42.787,41.932
2694,43.27,43.703,42.829,41.973
2695,43.291,43.724,42.85,41.993
2696,43.298,43.731,42.857,42
2697,43.344,43.778,42.903,42.045
2698,43.356,43.79,42.915,42.057
2699,43.399,43.833,42.957,42.098
2700,43.445,43.88,43.003,42.143
2701,43.466,43.901,43.023,42.163
2702,43.484,43.919,43.041,42.181
2703,43.505,43.941,43.063,42.202
2704,43.559,43.995,43.116,42.254
2705,43.62,44.057,43.176,42.313
2706,43.637,44.074,43.193,42.33
2707,43.67,44.107,43.225,42.361
2708,43.652,44.089,43.208,42.344
2709,43.643,44.08,43.199,42.336
2710,43.648,44.085,43.204,42.34
2711,43.691,44.128,43.246,42.382
2712,43.723,44.161,43.278,42.413
2713,43.745,44.183,43.3,42.434
2714,43.747,44.185,43.302,42.436
2715,43.763,44.201,43.317,42.451
2716,43.834,44.273,43.388,42.521
2717,43.833,44.272,43.387,42.52
2718,43.853,44.292,43.407,42.539
2719,43.866,44.305,43.419,42.551
2720,43.824,44.263,43.378,42.511
2721,43.805,44.244,43.36,42.493
2722,43.854,44.293,43.408,42.54
2723,43.897,44.336,43.45,42.581
2724,43.924,44.364,43.477,42.608
2725,43.928,44.368,43.481,42.612
2726,43.958,44.398,43.511,42.641
2727,43.975,44.415,43.527,42.657
2728,43.942,44.382,43.495,42.626
2729,43.958,44.398,43.511,42.641
2730,43.998,44.438,43.55,42.679
2731,44.007,44.448,43.56,42.689
2732,44.019,44.46,43.571,42.7
2733,44.053,44.494,43.605,42.733
2734,44.095,44.536,43.646,42.774
2735,44.078,44.519,43.629,42.757
2736,44.115,44.557,43.666,42.793
2737,44.135,44.577,43.686,42.813
2738,44.158,44.6,43.708,42.834
2739,44.191,44.633,43.741,42.867
2740,44.216,44.659,43.766,42.891
2741,44.247,44.69,43.797,42.922
2742,44.251,44.694,43.801,42.925
2743,44.34,44.784,43.889,43.012
2744,44.288,44.731,43.837,42.961
2745,44.298,44.741,43.847,42.971
2746,44.32,44.764,43.869,42.992
2747,44.353,44.797,43.902,43.024
2748,44.337,44.781,43.886,43.009
2749,44.359,44.803,43.907,43.029
2750,44.394,44.838,43.942,43.064
2751,44.405,44.85,43.953,43.074
2752,44.441,44.886,43.989,43.11
2753,44.494,44.939,44.041,43.161
2754,44.519,44.965,44.066,43.185
2755,44.588,45.034,44.134,43.252
2756,44.627,45.074,44.173,43.29
2757,44.617,45.064,44.163,43.28
2758,44.672,45.119,44.217,43.333
2759,44.684,45.131,44.229,43.345
2760,44.68,45.127,44.225,43.341
2761,44.673,45.12,44.218,43.334
2762,44.701,45.149,44.247,43.363
2763,44.682,45.129,44.227,43.343
2764,44.695,45.142,44.24,43.356
2765,44.692,45.139,44.237,43.353
2766,44.724,45.172,44.269,43.384
2767,44.787,45.235,44.331,43.445
2768,44.767,45.215,44.311,43.425
2769,44.796,45.244,44.34,43.454
2770,44.794,45.242,44.338,43.452
2771,44.76,45.208,44.304,43.418
2772,44.752,45.2,44.296,43.411
2773,44.724,45.172,44.269,43.384
2774,44.757,45.205,44.301,43.415
2775,44.755,45.203,44.299,43.414
2776,44.757,45.205,44.301,43.415
2777,44.788,45.236,44.332,43.446
2778,44.791,45.239,44.335,43.449
2779,44.872,45.321,44.415,43.527
2780,44.901,45.351,44.444,43.556
2781,44.926,45.376,44.469,43.58
2782,44.97,45.42,44.512,43.622
2783,44.997,45.447,44.539,43.649
2784,45.001,45.452,44.543,43.653
2785,44.98,45.43,44.522,43.632
2786,45.017,45.468,44.559,43.668
2787,45.052,45.503,44.593,43.702
2788,45.072,45.523,44.613,43.721
2789,45.076,45.527,44.617,43.725
2790,45.11,45.562,44.651,43.758
2791,45.079,45.53,44.62,43.728
2792,45.072,45.523,44.613,43.721
2793,45.106,45.558,44.647,43.755
2794,45.09,45.541,44.631,43.739
2795,45.196,45.648,44.736,43.842
2796,45.221,45.674,44.761,43.866
2797,45.301,45.755,44.84,43.944
2798,45.305,45.759,44.844,43.948
2799,45.339,45.793,44.878,43.981
2800,45.442,45.897,44.98,44.081
2801,45.436,45.891,44.974,44.075
2802,45.41,45.865,44.948,44.05
2803,45.426,45.881,44.964,44.065
2804,45.476,45.931,45.013,44.113
2805,45.51,45.966,45.047,44.147
2806,45.498,45.953,45.034,44.134
2807,45.546,46.002,45.082,44.181
2808,45.571,46.027,45.107,44.205
2809,45.568,46.024,45.104,44.202
2810,45.652,46.109,45.187,44.284
2811,45.667,46.124,45.202,44.298
2812,45.694,46.151,45.228,44.324
2813,45.705,46.163,45.24,44.336
2814,45.75,46.208,45.284,44.379
2815,45.784,46.242,45.318,44.412
2816,45.792,46.25,45.325,44.419
2817,45.832,46.291,45.366,44.459
2818,45.859,46.318,45.392,44.485
2819,45.844,46.303,45.377,44.47
2820,45.846,46.305,45.379,44.472
2821,45.932,46.392,45.465,44.556
2822,45.942,46.402,45.474,44.565
2823,45.944,46.404,45.476,44.567
2824,45.943,46.403,45.475,44.566
2825,45.931,46.391,45.464,44.555
2826,45.94,46.4,45.472,44.563
2827,45.954,46.414,45.486,44.577
2828,45.958,46.418,45.49,44.581
2829,46.012,46.473,45.544,44.634
2830,45.991,46.451,45.522,44.612
2831,46.022,46.483,45.554,44.643
2832,46.043,46.504,45.574,44.663
2833,46.063,46.524,45.594,44.683
2834,46.096,46.557,45.626,44.714
2835,46.092,46.553,45.622,44.71
2836,46.137,46.599,45.668,44.755
2837,46.122,46.584,45.653,44.74
2838,46.172,46.634,45.702,44.788
2839,46.213,46.676,45.743,44.829
2840,46.247,46.71,45.776,44.861
2841,46.231,46.694,45.761,44.846
2842,46.231,46.694,45.761,44.846
2843,46.236,46.699,45.766,44.851
2844,46.216,46.679,45.746,44.832
2845,46.206,46.669,45.736,44.822
2846,46.219,46.682,45.749,44.835
2847,46.203,46.666,45.733,44.819
2848,46.2,46.662,45.729,44.815
2849,46.192,46.654,45.721,44.807
2850,46.2,46.662,45.729,44.815
2851,46.217,46.68,45.747,44.833
2852,46.204,46.667,45.734,44.82
2853,46.211,46.674,45.741,44.827
2854,46.2,46.662,45.729,44.815
2855,46.2,46.662,45.729,44.815
2856,46.177,46.639,45.707,44.793
2857,46.202,46.665,45.732,44.818
2858,46.208,46.671,45.738,44.824
2859,46.209,46.672,45.739,44.825
2860,46.253,46.716,45.782,44.867
2861,46.286,46.749,45.815,44.899
2862,46.291,46.754,45.819,44.903
2863,46.29,46.753,45.818,44.902
2864,46.327,46.791,45.856,44.939
2865,46.333,46.797,45.862,44.945
2866,46.329,46.793,45.858,44.941
2867,46.337,46.801,45.865,44.948
2868,46.338,46.802,45.866,44.949
2869,46.344,46.808,45.872,44.955
2870,46.378,46.842,45.906,44.988
2871,46.415,46.88,45.943,45.025
2872,46.42,46.885,45.948,45.03
2873,46.447,46.912,45.974,45.055
2874,46.482,46.947,46.009,45.089
2875,46.498,46.963,46.024,45.104
2876,46.493,46.958,46.019,45.099
2877,46.535,47.001,46.061,45.14
2878,46.53,46.996,46.057,45.136
2879,46.545,47.011,46.071,45.15
2880,46.525,46.991,46.052,45.131
2881,46.546,47.012,46.072,45.151
2882,46.547,47.013,46.073,45.152
2883,46.597,47.063,46.122,45.2
2884,46.608,47.075,46.134,45.212
2885,46.612,47.079,46.138,45.216
2886,46.632,47.099,46.158,45.235
2887,46.661,47.128,46.186,45.263
2888,46.641,47.108,46.166,45.243
2889,46.651,47.118,46.176,45.253
2890,46.677,47.144,46.202,45.278
2891,46.69,47.157,46.214,45.29
2892,46.727,47.195,46.252,45.327
2893,46.717,47.185,46.242,45.318
2894,46.748,47.216,46.272,45.347
2895,46.736,47.204,46.26,45.335
2896,46.71,47.178,46.235,45.311
2897,46.732,47.2,46.256,45.331
2898,46.754,47.222,46.278,45.353
2899,46.761,47.229,46.285,45.36
2900,46.782,47.25,46.305,45.379
2901,46.784,47.252,46.307,45.381
2902,46.835,47.304,46.358,45.431
2903,46.859,47.328,46.382,45.455
2904,46.869,47.338,46.392,45.465
2905,46.893,47.362,46.415,45.487
2906,46.914,47.384,46.437,45.509
2907,46.936,47.406,46.458,45.529
2908,46.941,47.411,46.463,45.534
2909,46.996,47.466,46.517,45.587
2910,47.018,47.489,46.54,45.61
2911,47.014,47.485,46.536,45.606
2912,47.033,47.504,46.554,45.623
2913,47.072,47.543,46.593,45.662
2914,47.097,47.568,46.617,45.685
2915,47.093,47.564,46.613,45.681
2916,47.123,47.595,46.644,45.712
2917,47.138,47.61,46.658,45.725
2918,47.164,47.636,46.684,45.751
2919,47.173,47.645,46.693,45.76
2920,47.223,47.696,46.743,45.809
2921,47.214,47.687,46.734,45.8
2922,47.234,47.707,46.753,45.818
2923,47.201,47.674,46.721,45.787
2924,47.251,47.724,46.77,45.835
2925,47.28,47.753,46.798,45.863
2926,47.289,47.762,46.807,45.871
2927,47.29,47.763,46.808,45.872
2928,47.309,47.783,46.828,45.892
2929,47.298,47.771,46.816,45.88
2930,47.302,47.776,46.821,45.885
2931,47.329,47.803,46.847,45.911
2932,47.354,47.828,46.872,45.935
2933,47.345,47.819,46.863,45.926
2934,47.363,47.837,46.881,45.944
2935,47.371,47.845,46.889,45.952
2936,47.379,47.853,46.896,45.959
2937,47.393,47.867,46.91,45.972
2938,47.429,47.904,46.946,46.008
2939,47.493,47.968,47.009,46.069
2940,47.482,47.957,46.998,46.059
2941,47.563,48.039,47.079,46.138
2942,47.584,48.06,47.099,46.158
2943,47.596,48.072,47.111,46.169
2944,47.602,48.079,47.118,46.176
2945,47.636,48.113,47.151,46.208
2946,47.644,48.121,47.159,46.216
2947,47.646,48.123,47.161,46.218
2948,47.665,48.142,47.18,46.237
2949,47.64,48.117,47.155,46.212
2950,47.647,48.124,47.162,46.219
2951,47.655,48.132,47.17,46.227
2952,47.6,48.076,47.115,46.173
2953,47.627,48.104,47.142,46.2
2954,47.647,48.124,47.162,46.219
2955,47.681,48.158,47.195,46.252
2956,47.703,48.181,47.218,46.274
2957,47.749,48.227,47.263,46.318
2958,47.802,48.281,47.316,46.37
2959,47.797,48.275,47.31,46.364
2960,47.77,48.248,47.284,46.339
2961,47.779,48.257,47.292,46.347
2962,47.816,48.295,47.33,46.384
2963,47.856,48.335,47.369,46.422
2964,47.913,48.393,47.426,46.478
2965,47.915,48.395,47.428,46.48
2966,47.895,48.374,47.407,46.459
2967,47.888,48.367,47.4,46.452
2968,47.905,48.385,47.418,46.47
2969,47.905,48.385,47.418,46.47
2970,47.948,48.428,47.46,46.511
2971,47.999,48.479,47.51,46.56
2972,47.979,48.459,47.49,46.541
2973,48.013,48.494,47.525,46.575
2974,48.023,48.504,47.534,46.584
2975,48.039,48.52,47.55,46.599
2976,48.052,48.533,47.563,46.612
2977,48.062,48.543,47.573,46.622
2978,48.122,48.604,47.632,46.68
2979,48.134,48.616,47.644,46.692
2980,48.142,48.624,47.652,46.699
2981,48.165,48.647,47.675,46.722
2982,48.106,48.588,47.617,46.665
2983,48.149,48.631,47.659,46.706
2984,48.178,48.66,47.687,46.734
2985,48.214,48.697,47.724,46.77
2986,48.254,48.737,47.763,46.808
2987,48.266,48.749,47.775,46.82
2988,48.228,48.711,47.737,46.783
2989,48.246,48.729,47.755,46.8
2990,48.255,48.738,47.764,46.809
2991,48.287,48.77,47.795,46.84
2992,48.32,48.804,47.828,46.872
2993,48.34,48.824,47.848,46.892
2994,48.397,48.881,47.904,46.946
2995,48.436,48.921,47.943,46.985
2996,48.477,48.962,47.983,47.024
2997,48.463,48.948,47.97,47.011
2998,48.488,48.973,47.994,47.035
2999,48.487,48.972,47.993,47.034
3000,48.485,48.97,47.991,47.032
